Jahr,Datum,Ort (Detail),Zuordnung Gipfel o. Alp,Ereignis,Aktivität,Unfall-/Todesursache,# Tote,Herkunft Tote,Quellen,
1403,25/05/1403,Kronberg,Kronberg,Am St. Urbanstag 1403 reisst eine Lawine am Kronberg dem Baptist Lotbacher Hütte und Stall weg.,Lawine,Lawine / Schneebrett,0,-,Koller Ernst H. und Signer Jakob. Appenzellisches Wappen- und Geschlechterbuch. Bern und Aarau 1926. (Faksimiledruck von 1984),
1420,ohne Angabe,Hundwiler Höchi,Hundwiler Höchi,Maria Bronbühler wird ca. 1420 hingerichtet; weil sie dem Sennen Adam Müller in Hundwil auf der Höhe 16 Stück Vieh verdorben hat.,Tier,Seuche,0,-,Koller Ernst H. und Signer Jakob. Appenzellisches Wappen- und Geschlechterbuch. Bern und Aarau 1926. (Faksimiledruck von 1984),
1478,ohne Angabe,Seealp,Seealp,Anton Büchler; von Schwendi; verliert 1478 bei einem Unwetter in der See-Alp zwei Kühe und einige Schafe.,Tier,Unwetter,0,-,Koller Ernst H. und Signer Jakob. Appenzellisches Wappen- und Geschlechterbuch. Bern und Aarau 1926. (Faksimiledruck von 1984),
1527,ohne Angabe,Fählen,Fählen,Die Wettersche Chronik weiss zu melden: «1527. Dem Clemens Sauter (Sutter) in Schwende sind in der Alp Fählen über 40 Schafe infolge grosser Schneefälle umgekommen».,Tier,Schnee,0,-,Jakob Signer Chronik (http://jakobsigner.9050appenzell.ch/Geschichtsblaetter%20Ruete%20-%20Korrekturstand%202021-06-14.pdf),
1540,ohne Angabe,Alp Soll,Alp Soll,Dem Hyppolit Heim auf Soll erliegen 1540 10 Stück Vieh an der Seuche.,Tier,Seuche,0,-,Jakob Signer Chronik (http://jakobsigner.9050appenzell.ch/Geschichtsblaetter%20Ruete%20-%20Korrekturstand%202021-06-14.pdf),
1650,April 1650,Fählen,Fählen,1650. Im April fielen einer überaus grossen Schnee Lawine in der Alpweid Fählen Hütte und Stall zum Opfer. Das gleiche geschah im April 1711.,Lawine,Lawine / Schneebrett,0,-,Jakob Signer Chronik (http://jakobsigner.9050appenzell.ch/Geschichtsblaetter%20Ruete%20-%20Korrekturstand%202021-06-14.pdf),
1660,ohne Angabe,Mesmer,Mesmer,Dem Jakob Anton Hersche in Schwendi stürzen 1660 bei einem Hagelwetter 25 Schafe über eine Felswand am Messmer zu Tode.,Tier,Absturz,0,-,Koller Ernst H. und Signer Jakob. Appenzellisches Wappen- und Geschlechterbuch. Bern und Aarau 1926. (Faksimiledruck von 1984),
1662,24.06.1662,Petersalp,Petersalp,Klaus Brander; von Gonten; wird 24. VI. 1662 in der Petersalp dermassen geschlagen; dass er 8 Tage darauf stirbt.,Mord / Totschlag,Mord / Totschlag,1,AI,Koller Ernst H. und Signer Jakob. Appenzellisches Wappen- und Geschlechterbuch. Bern und Aarau 1926. (Faksimiledruck von 1984),
1669,ohne Angabe,Alp Sämtis,Alp Sämtis,Dem Baptist von Heim erliegen 1669 im Sämtis 16 Stück Vieh an der Seuche.,Tier,Seuche,0,-,Jakob Signer Chronik (http://jakobsigner.9050appenzell.ch/Geschichtsblaetter%20Ruete%20-%20Korrekturstand%202021-06-14.pdf),
1678,10.07.1678,Hochhus oder Hüser,Hochhus,Den 10. Juli ist ein grosser Theil des stotzachtigen Gebirgs oberhalb dem Dorf Sax; Züricher Gebieths; auf zween starke Steinwürf lang und breith; mit entsitzlichem Krachen; abgerissen und auf die Ebene gestürtzt. Da unter anderm ein ungeheures Stuck Felsen mit grossem gewalt in zwey zersprungen; und sich in die tieffe gesetzt. Gleich wol sind von diesem geschwinden Bergfahl weder Menschen noch Viehe beschädiget worden: Und befindit sich anjetzo an diesem Orth eine hohe und Felsichte Wand; da nichts lebendiges mehr weder hinauf noch hinabsteigen kann.,Felssturz,Felssturz / Steinschlag,0,-,Autor s.n. Wahres und Erzähltes : Rüfen; Wasser; Schnee; Feuer; Hagel; Hunger. In: Werdenberger Jahrbuch; Band 26; 2013.,
1688,ohne Angabe,Alp Eugst,Alp Eugst,Joseph Anton Grunder; von Gonten; beherbergt 1688 in seiner Alp Eugst fremdes Gesindel; mit dem er in Streit kommt; der baumstarke Senn wirft alle hinaus; in der folgenden Nacht wird ihm Hütte und Stall angezündet.,Feuer,Feuer / Explosion,0,-,Koller Ernst H. und Signer Jakob. Appenzellisches Wappen- und Geschlechterbuch. Bern und Aarau 1926. (Faksimiledruck von 1984),
1697,14.09.1697,Brülisau,Fänerenspitz,Ambrosius Breitenmoser kann 14. IX. 1697; als bei einem Wolkenbruch eine grosse Schlipfe niedergeht; die ihm Haus und Stall mit 6 Stück Vieh verschüttet; mit knapper Not sein Leben retten (W. Chr.).,Erdrutsch,Erdrutsch,0,-,Koller Ernst H. und Signer Jakob. Appenzellisches Wappen- und Geschlechterbuch. Bern und Aarau 1926. (Faksimiledruck von 1984),
1711,ohne Angabe,Fählen,Fählen,Wie bereits 1650. Eine grosse Lawine zerstört in der Alpweid Fählen Hütte und Stall.,Lawine,Lawine / Schneebrett,0,-,Jakob Signer Chronik (http://jakobsigner.9050appenzell.ch/Geschichtsblaetter%20Ruete%20-%20Korrekturstand%202021-06-14.pdf),
1712,ohne Angabe,Fänerenspitz,Fänerenspitz,Johann Jakob Koller verliert auf der Fähnern 1712 16 Stück Vieh an der Seuche.,Tier,Seuche,0,-,Koller Ernst H. und Signer Jakob. Appenzellisches Wappen- und Geschlechterbuch. Bern und Aarau 1926. (Faksimiledruck von 1984),
1712,10.07.1712,Fählen,Fählen,1712. Am 10. Heumonat floh ein Geisshirt in Fählen bei heftigem Donnerwetter unter eine Wettertanne; weil er den Stadel nicht mehr erreichen konnte. Da schlug der Blitz in die Tanne und tötete 12 Geissen und 2 Schafe; dem Geisshirt geschah kein Leid.,Tier,Blitz,0,-,Jakob Signer Chronik (http://jakobsigner.9050appenzell.ch/Geschichtsblaetter%20Ruete%20-%20Korrekturstand%202021-06-14.pdf),
1715,August 1715,"Säntis (""Am Säntis""; keine genaueren Angaben)",Säntis,Anton Fuchs; ein Geisshirt von Gonten; fällt im August 1715 am Säntis mit 6 Ziegen zu Tode.,Arbeit,Absturz,1,AI,Koller Ernst H. und Signer Jakob. Appenzellisches Wappen- und Geschlechterbuch. Bern und Aarau 1926. (Faksimiledruck von 1984),
1719,ohne Angabe,Neuenalp,Neuenalp,Dem Karl Anton Fritsche auf Neuenalp erkrankt 1719 wegen Wassermangel sein ganzes Senntum Vieh; er muss einige Stück schlachten (W. Chr.).,Tier,Wassermangel,0,-,Koller Ernst H. und Signer Jakob. Appenzellisches Wappen- und Geschlechterbuch. Bern und Aarau 1926. (Faksimiledruck von 1984),
1770,21.4.1770,Sennwald,Sennwald,1770 war ein entsetzlich grosser Schneewinter. Am 21. April stürzte eine grosse Schneelauin aus den Alpen über Sennwald in ein tiefes Tobel; hernach rollte eine mauerhohe Masse von grauem Letten und Schlamm; einen Haufen Steine; Felsstücke und Bäume mit sich führend; vom Berge herunter; und verschüttete 18 Häuser samt 12 Ställen. Die Leute konnten sich retten.,Lawine,Lawine / Schneebrett,0,-,Brügger; Christian Gregor [1833-1899]. Beiträge zur Natur-Chronik der Schweiz insbesondere der Rhätischen Alpen. Chur : Casanova ; Chur : Conzett; 1876-1888; https://doi.org/10.3931/e-rara-59680; S.30,
1784,ohne Angabe,Alp Sigel,Alp Sigel,(über die Zahme Gocht): Sennen machen diesen bedenklichen mit Holz (neunsprossige Holzleiter) zwar gesicherten Weg; oft mit 14tägigen Kälbern oder zentnerschweren Heubürden beladen. Dass er indessen nicht ohne Gefahr sei; beweist der Umstand; dass J. Fenk 1784 mit einer Last Naturalien ausglitt und zu Tode fiel.,Arbeit,Absturz,1,AI,RÜSCH Gabriel. Kanton Appenzell in historisch=geographischer Darstellung. Mit besonderer Berücksichtigung seiner Kuranstalten; Alpengegenden und Industrie. St. Gallen; Druck und Verlag von Scheitlin & Zollikofer; 1859.  https://www.appenzelldigital.ch/landesbeschreibung-gabriel-ruesch/,
1791,5.9.1791,Schaffhausersplatte / Oberer Mesmer,Hängeten,"Von J. B. E. Rusch: ""Wenn der Friedhof einer Gemeinde eines Ortes - die stille Gemeinde - am Besten sagt; ob Edelsinn an dem Orte daheim ist und der Kulturreisende daher mit Vorliebe die Friedhöfe aufsucht; so ergreift uns noch um so stärker ein Friedhofdenkmal am hohen Messmer - ob der Megglisalp. Es ist die ""Schaffhausersplatte"". So benennt nämlich das Volk die Steinplatte; die in kaum leserlichen Schriftzügen den Todfall des hier aufgefundenen Professors Christoph Jetzler von Schaffhausen verkündet. - Es war im Herbstmonat 1791; als Jetzler trotz aller Warnungen eines noch in der hohen Messmeralp zurückgebliebenen Sennen an einem trüben Morgen nach der Höhe aufbrach. Bald darauf wurde er an erwähnter Stätte todt gefunden. Es wäre ungerecht; dem Unglücklichen für seinen Muth einen Vorwurf zu machen; da er doch nicht ganz blindlings vorging ; denn der ""wackere und würdige Mann"" - wie ihn Staatsschreiber D. von Ziegler in einem Briefe vom 22. Herbstmonat gl. Z. nennt - hatte schon zwölf Jahre vorher die gleiche Bergreise gemacht. Jetzler würde durch sein tragisches Geschick schon unsere vollste Verehrung besitzen. Dess es war die unfassbare Kraft des Geistes; die ihn in diese Höhen führte; welche nun sein grosses Grabmonument geworden sind. Wie der Volksmund sagt; dass Gott Den in der Jugend in's himmlische Vaterland aufnehme; den er lieb hat; so scheint es; dass die Bergnatur ihren treuen Sohn Jetzler bei sich behalten und nicht mehr in die Niederungen steigen lassen wollte; denn Jetzler verdient die Verehrung noch vielmehr wegen seines den Bergen wie abgeprägten Charakters denn wegen seines Geistes; wie denn ""der Charakter das Gold im Gewölbe der Bank des Geistes"" ist."" Aus Zeitzeugnisse.ch; Autorin: Kathrin Hoesli; Herisau: BESCHREIBUNG: Gedenktafel an den Hängeten beim Oberen Mesmer zur Erinnerung an den Tod des Schaffhausers Christoph Jezler. Ursprünglich handelte es sich um eine in den Felsen gehauene lateinische Inschrift; welche 1889 auf Beschluss des Bürgerrats von Schaffhausen durch eine Metalltafel ersetzt wurde. Die lateinische Inschrift erinnert daran; dass an dieser Felswand am 5. September 1791 der Schaffhauser Mathematik- und Physikprofessor Christoph Jezler tödlich verunglückt sei. GESCHICHTE: Christoph Jezler (1734-1791) gehörte zu den ersten Naturwissenschaftlern; welche den Alpstein erforschten. Ende des 18. und im Laufe des 19. Jahrhunderts entstanden mehrere wissenschaftliche Studien zur Botanik; Zoologie; Geologie und Topographie des Alpsteingebirges. Zu den Autoren; welche die Naturwissenschaften ins Zentrum stellten; gehörten u.a. Johann Jakob Steinmüller (1773-1835); welcher in Gais als Pfarrer amtete; der Trogener Arzt Georg Schläpfer (1797-1835) sowie der Apotheker Carl Friedrich Frölich (1802-1882). Der Schaffhauser Mathematiker und Physiker Christoph Jezler interessierte sich vor allem für die Topographie des Alpsteins und begab sich mehrmals ins Gebirge; um mit selbst konstruierten Instrumenten Höhenmessungen vorzunehmen. Für seine Erfindung des Gefässbarometers hatte er bereits 1765 von der Naturforschenden Gesellschaft Zürich Anerkennung erhalten. Im August 1791 reiste Jezler zum dritten Mal von Schaffhausen nach Appenzell; mit der Absicht; auf dem hohen Messmer Beobachtungen zu tätigen. Die Wirtin und die Angestellten des Gasthauses Hecht in Appenzell; in welchem Jezler übernachtet hatte; erinnerten sich im Nachhinein an den Besuch des „freundlichen und braven Herrn“. Er blieb länger als erwartet; da das Regenwetter seine Unternehmung verhinderte. Als er schliesslich doch aufbrach; kehrte er nicht wie geplant nach zwei Tagen zurück. Erst nach zwei Wochen brachten zwei Alphirten die Neuigkeit ins Tal; sie hätten einen toten Mann am hohen Messmer gefunden „welcher ein Perspektiv; einen Compass und 3 Gulden 27 ½ Kreuzer Geld bei sich gehabt“. Der Zustand seines Körpers liess darauf schliessen; dass er aus grosser Höhe über die Felsen herabgestürzt war. Im Appenzeller Monatsblatt wurde 1829 ein Brief von Jezlers Cousins Franz Deggeler abgedruckt; in welchem er die abenteuerliche Rückholung des Leichnams aus Appenzell schilderte. Demgemäss hatte der Innerrhoder Landammann Ruosch eigenmächtig; ohne Einbezug des Rates; den Leichnam Jezlers im Sünderfriedhof ausserhalb der Kirchmauern vergraben lassen. Entsetzt über die unwürdige Beerdigung des berühmten Schaffhausers fuhr Deggeler nach Appenzell; wo er nach Verhandlungen schliesslich erreichte; dass der Körper wieder ausgegraben und ins reformierte Gais transportiert wurde; wo Jezler auf dem Friedhof seine letzte Ruhestätte erhielt.",Arbeit,?,1,SH,J. B. E. Rusch. Alpines Stillleben. Kommissionsverlag von Joh. Thom. Stettner; Lindau; 1881; S.119. Weitere Quelle mit Bild der Gedenktafel: https://zeitzeugnisse.ch/detail.php?id=243&stype=5&query=59&cat=1000&year=&loc=&sort=all&page=1&offset=6,
1803,ohne Angabe,Äscher,Äscher,Im Jahre 1803 nämlich gerieth in Folge mangelhafter Hütung des Feuers bei Anlass der Räucherung eines zu todt gefallenen Stückes Vieh die Äscherhütte in Brand. Niemand befand sich in der Hütte;…,Feuer,Feuer / Explosion,0,-,J. B. E. Rusch. Alpines Stillleben. Kommissionsverlag von Joh. Thom. Stettner; Lindau; 1881; S.121.,
1820,ohne Angabe,Hundstein,Hundstein,Die Fählenalp ist dem Vieh sehr gefährlich; und hat daher vielleicht ihren Namen. Nach einer Überlieferung soll einst ein ganzes Sennthum verunglückt sein; 1834 gingen noch zwei Pferde zu Grunde. Auch Menschen traf schon dasselbe Geschick; z.B. 1820 einen Handbuben; welcher eine Kuh halten wollte.,Arbeit,Absturz,1,?,RÜSCH Gabriel. Kanton Appenzell in historisch=geographischer Darstellung. Mit besonderer Berücksichtigung seiner Kuranstalten; Alpengegenden und Industrie. St. Gallen; Druck und Verlag von Scheitlin & Zollikofer; 1859.  https://www.appenzelldigital.ch/landesbeschreibung-gabriel-ruesch/,
1824,ohne Angabe,Hundstein,Hundstein,…1824 Töpflis Jakob von Brüllisau; der den Hundstein herab in den See fiel.,?,Absturz,1,AI,RÜSCH Gabriel. Kanton Appenzell in historisch=geographischer Darstellung. Mit besonderer Berücksichtigung seiner Kuranstalten; Alpengegenden und Industrie. St. Gallen; Druck und Verlag von Scheitlin & Zollikofer; 1859.  https://www.appenzelldigital.ch/landesbeschreibung-gabriel-ruesch/,
1832,4.7.1832,Säntis,Säntis,Zur Vermessung der Hoch- und Voralpen wurde der jurassische Oberst Josef Buchwalder beauftragt. Er brach am 29. Juni 1832 mit seinem Gehilfen Pierre Gobat und Trägern von Alt St.Johann zum Säntis auf Ein Gewitter erschlug am 4. Juli Gobat und lähmte für einige Zeit Buchwalder. Der konnte sich unter unsäglichen Mühen im Sturm und Regen nach der Alp Gam­ plüt hinunterschleppen und dort die Sennen alarmieren. Noch in derselben Nacht brachen 12 Männer nach dem Säntis auf; um Gobats Leiche; die Messinstrumente und Ausrüstungsgegenstände herunterzuholen. Buchwalder selbst lag acht Tage zwischen Leben und Tod schwebend im <Rössli> in Alt St.Johann.» (Büchler H.: Toggenburgerblätter f. Heimatkunde Heft 35; S. 41),Arbeit,Blitz,1,JU,Christina Buchser und Peter Diener jun. Berge faszinieren - Bergrettung ebenfalls. In: Toggenburger Jahrbuch; 2013.,
1844,4.2.1844,Kamor,Kamor,Gefährlicher als diese (gemeint ist eine Lawine am Gonzen im Sarganserland) zeigte sich eine andere Lawine; welche sich zwischen Rüthi und Lienz im Oberrheintal vom Kamor herabstürzte. Diese riss den ihr im Wege stehenden Wald nieder und mit fort; und zerstörte; unten angelangt; fünf Scheunen; aus denen das Vieh bis an eine Ziege glücklich gerettet werden konnte. Man schätzt den Schaden auf einige tausend Gulden.,Lawine,Lawine / Schneebrett,0,-,Der Wahrheitsfreund; 9. Februar 1844,
1853,4/11/1853,Seilloch/Bommen,Ebenalp,"Der letzte Wildkirchli-Eremit Anton Fässler stürzt über das Seilloch tödlich ab. (Grosser; 1969) Johann Paul Fässler (""Waldbruder Anton vom Wildkirchli""); geb. 1802 in Gontenhof; verunglückt im ""Seil"" bei Bommen. (Koller/Signer; 1926)",?,Absturz,1,AI,Grosser; 1969. Koller Ernst H. und Signer Jakob. Appenzellisches Wappen- und Geschlechterbuch. Bern und Aarau 1926. (Faksimiledruck von 1984),
1856,August 1856,Säntis,Säntis,Appenzell A. Rh. Der Gemsjäger Zülle verunglückte nicht in Folge eines Fehlsprungs; sondern beim Klettern nach einer Gemse; welche Tags vorher von zwei Urnäscher Jägern geschossen worden war; aber auf einer nahezu unzugänglichen Stelle lag. Die Appenzeller Zeitung schreibt über den Todten: „Zülle lebte abgesondert von seiner Ehefrau. Um sie zu kränken und zü schrecken; schrieb er vor einem Jahr an seine beiden vierund fünfjährigen Kinder; welche bei der Mutter waren: Euer Vater möchte am Liebsten auf dem wilden Alpstein liegen und von den Thieren gefressen werden. Kaum ein Jahr; nachdem er diese frevlen Worte geschrieben; liegt er wirklich auf wilder Bergethöhe am Alpstein; einsam; hülflos; von allen Menschen verassen und ist schon wenige Stunden nach seinem jammervollen Ende eine Speise den Würmern.“,Jagd,Absturz,1,AR,Neue Zürcher Zeitung; Nummer 227; 14. August 1856,
1866,06/10/1866,Gulmen,Gulmen,"St. Gallen. Aus Wildhaus wird den „ Toggenb . Nachr .""geschrieben : Donnerstag den 6. Okt. machte ein Ziegenhirt auf der südöstlichen Seite des Gulmen ein Feuer an; wahrscheinlich bei einem Arvengebüsche und löschte dasselbe am Abend beim Heimgehen nicht oder konnte es nicht löschen. Am folgenden Morgen sah man von Schönenboben aus einen Rauch an jener Stelle. Einige Männer gingen hin ; nahmen Wasser mit um zu löschen; half aber nicht. Man wollte dem weiteren Umsichgreifen des Feuers durch Umgraben Einhalt thun. aber auch dieses Mittel reichte nicht hin; da die Zwergnadelhölzer mit ihren Wurzeln sich tief durch die Felsspalten hinzogen. Das Wurzewerk in dem sehr steilen Felsgeklüfte war viel bedeutender als das Oberholz. Das Feuer ergriff dieses Wurzelwerk; nahm so auf eine sehr bedenkliche Weise überhand und die Gefahr für den ganzen Gulmen; ja für ganz Wildhaus; wurde bei dieser trockenen; regenlosen Herbstzeit immer größer. Ein starker Wind hätte namenloses Unglück verbreiten können. Eine Woche verstrich. Die Sache wurde immer ernster. Endlich gelang es; nachdem den 11 . und 12. Okt. 50 bis 60 Mann unermüdel mit Wassertragen beschäftigt waren; den Waldbrand ober vielmehr den Gebüschbrand zu löschen. Die Stelle war aber so steil und das Auf und Abgehen wegen des losen Gerölles so gefährlich daß die Arbeiter in wirklicher Lebensgefahr standen. Glücklicherweise kam aber dic ganze Frohntagmannschaft ohne bedeutende Schädigung davon. Der zwar minderjährige Hirte wird für seinen Leichlsinn bestraft werden.",Feuer,Feuer / Explosion,0,SG,Intelligenzblatt für die Stadt Bern; 28. Oktober 1866,
1876,ohne Angabe,Nesselfeld / Neuenalpspitz,Neuenalpspitz,Der Schindelnberg ist durch seine vielen Lawinen von jeher bekannt. Im Jahre 1876 hat z.B. im untern Teile der Alp Nesselfeld; nur eine starke Halbstunde über dem Dorfe Stein; eine von seiner abschüssigen Flanke herunterstürzende Staublawine zwei Hütten von der Stelle geschoben und vollständig zertrümmert.,Lawine,Lawine / Schneebrett,0,-,Säntisführer 1925; S.140,
1879,Juni 1879,Alp Fähnern,Fänerenspitz,"Wie man mittheilt; soll der Blitz an der Fähnern 6 Kühe und einige Ziegen erschlagen haben. (Tagblatt Biel) Johann Baptist Wetter vom Lehn wird auf der Alp Fähnerenspitz beim Melken zusammen mit zwölf Kühen im Verlaufe eines heftigen Unwetters vom Blitz erschlagen. Die Alpgebäude brannten total nieder und wurden nachher etwas unterhalb des alten Standortes wieder aufgebaut. (Mazenauer Armin; Die Lebensgeschichte meines Grossvaters mütterlicherseits : Johann Anton Inauen-Schwitter; ""Franze-Buebe-Hanstoni""; Innerrh. Geschichtsfrund; 2012)",Arbeit,Blitz,1,AI,"Tagblatt der Stadt Biel; Band 17; Nummer 155; 3. Juli 1879. Mazenauer Armin; Die Lebensgeschichte meines Grossvaters mütterlicherseits : Johann Anton Inauen-Schwitter; ""Franze-Buebe-Hanstoni""; Innerrh. Geschichtsfrund; 2012)",
1881,Juni 1881,Altenalp / Seealp,Altenalp,Appenzell J.RH. Auf der Altenalp wurden letzthin die Geißbuben und eine Heerde von circa 80 Schafen eingeschneit. Der Besitzer der Heerde mit einigen andern wollte sich nach dem Befinden der Thiere umsehen und begab sich unter großen Gefahren (wegen immerwährenden Lavinenstürzen) auf genannte Alp. Der Schnee lag durchschnittlich 2—2.5 Fuß hoch; an einigen Stellen 10 bis 15 Fuß hoch zusammengeweht. Der kleine Heuvorrath war zu Ende und den Thieren konnte man schon 2 Tage und 2 Nächte keine Nahrung mehr geben. Die ganze Heerde konnte man auch nicht heimnehmen. Auf der Rückreise ging's unter fortwährender Gefahr vorwärts; da auf einmal wurden 2 Männer von einer Lavine weggerissen. Der Besitzer der Schafe wurde von derselben auch gestreift; kam aber nach kurzer Zeit wieder zum Vorschein; während der Alphirt begraben und ca. 300 Schritte weit mitgeriffen wurde; erst in unmittelbarer Nähe einer schroffen Felswand gegen Seealp konnte er sich aus einem gegen 10 Fuß tiefen Schneehaufen der geborstenen Lawine herausarbeiten; ohne weitern Schaden genommen zu haben. Niemand will sich einer solch' großen Schneemasse um diese Jahreszeit erinnern.,Lawine,Lawine / Schneebrett,0,-,Neue Zuger Zeitung; Band 36; Nummer 49; 22. Juni 1881. Die Ostschweiz; 18. Juni 1881,
1882,29.12.1882,Meglisalp / In den Chärren,Meglisalp,Am Neujahrsmorgen 1883 entdecken Säntiswirt Dörig; Bergführer Schmid und Wetterwart Manser den toten Säntisträger Josef Anton Dörig (Hanestonis-Sebedoni) ; den ältesten Sohn des Meglisalpwirtes. Dieser ist beim Sörenböhl nahe der Wagenlücke in die sogenannten Kärren abgestürzt; nachdem er auf dem eisglatten Schnee ausgerutscht war. Der Säntisträger hatte bei seinem Abstieg ins Tal noch den gebrochenen Telegraphendraht geflickt. Kurze Zeit darauf begann es zu schneien; die Leitung wurde bald wieder unterbrochen und so fehlte dem Wetterwart jede Verbindung mit dem Tal; er war allein und blieb es auch für den folgenden Tag sowie bis zum frühen Nachmittag des nachfolgenden Tages; des Silvesters.,Arbeit,Absturz,1,AI,Grosser Hermann. Aus dem Leben der Säntisträger. Appenzeller Kalender; Band 253; 1974.,
1883,August 1883,Hundstein,Hundstein,"Appenzell. Avaunt qualche dis duos tourists sün ia muntagna del Hundstein futtan attachos d’ün’ evla ed haun stovieu as defender mediante lur bastuns. Finelmaing eiran els sforzos da’s retrer avaunt quaist utsché furibund. Probabelmaing avaiva l’evla allò intuorn sieus pitschens e tmaiva cha’ls tourists volessan ils piglier. (Fögl d'Engiadina. Übersetzung frei nach A. Koller: zwei Touristen wurden am Hundstein von einem Adler angegriffen und verteidigten sich mittels ihrer Stöcke. Die Touristen wollten die Jungen des Adlers fangen.) Am „Hundstein"" (beim Fählensee) haust gegenwärtig ein Steinadler; der sich; wie das „St. G. Tagbl."" berichtet; letzter Tage gegenüber zwei Touristen recht ungemüthlich zutäppisch benahm. In immer kleinern Kreisen schoß er aus seinem luftigen Reiche mit wildem Gekrächze auf sie hernieder; so daß sie sich desselben mit den Bergstöcken erwehren mußten. Vermuthlich waren sie unverhofft in die Nähe des Nestes gekommen; in welchem sich Junge befinden mochten. (Anzeiger Thun und Berner Oberland)",Wandern,Attacke durch Adler,0,-,Fögl d’Engiadina; Band 26; Nummer 36; 8. September 1883. Täglicher Anzeiger für Thun und das Berner Oberland; Band 7; Nummer 202; 26. August 1883,
1884,Juni 1884,Altenalp,Altenalp,Nach dem »St. Galler Tabbl.« sollen in Altenalp und andern anstoßenden Orten 80 bis 90 Gitzi oder kleine Ziegen wegen Kälte und Hunger ihr Leben verloren haben.,Tier,Erschöpfung; Schwäche oder andere (Herzstillstand; Hirnblutung; etc.),0,-,Der Murtenbieter; 28. Juni 1884,
1886,September 1886,Nädliger,Nädliger,"Ein junger Bursche von Alt St.Johann; der das erstemal dem Waidwerk nachging; kam nicht mehr nach Hause. Ein Unglück ahnend; wurde er aufgesucht und mit zerschlagenem Kopf am Fusse des ""Nädliger""; der letzten Zufluchtsstätte der aufgescheuchten Gemsen; als Leiche gefunden.",Jagd,Absturz,1,SG (Toggenburg),Die Ostschweiz; 18. September 1886,
1887,6.8.1887,Tierwis / Schwägalp,Tierwis,Am Säntis ist unterhalb der Klubhütte Thierwies ein Bergsteiger aus Nesslau todtgefallen. (Zuger). Un touriste allemand; qui faisait samedi passé l'ascension du Säntis; est tombé du haut d'une paroi de rochers; à quelque distance de la cabane établie aux Thierwies; et s'est tué. (FAN),Wandern,Absturz,1,SG (Toggenburg),Zuger Nachrichten; Band 1; Nummer 71; 13. August 1887. FAN - L'Express; 11. August 1887,
1888,5.8.1888,Säntisalp,Säntisalp,"In der Nacht vom vorletzten Sonntag schlug der Blitz in der „Säntisalp"" hinter Ennetbühl in ein Alpzimmer; in dem 30 Stück Vieh untergebracht waren. Glücklicherweise fuhr der Strahl in eine Ecke desselben so daß das Gebäude wenig Schaden erlitt und nur eine Kuh hierdurch verloren ging. Der Schreck der Sennen läßt sich leicht vermuthen.",Tier,Blitz,0,-,St. Galler Volksblatt; 18. August 1888,
1889,10.1.1889,Hoher Kasten,Hoher Kasten,Am 10. Januar verunglückte am Hohen Kasten (Sentis-Gruppe) Hr. Mayer; Zahnarzt in Buchs; er hatte am 9. mit zwei Gefährten vom Rheinthal aus den Gipfel bestiegen. Beim Abstieg nach dem Weißbad am 10. früh um 3 Uhr wurde die Gesellschaft von einem Schneesturm überrascht; Mayer glischte aus; rutschte einen steilen Abhang hinunter und wurde über ein Felsband hinaus in die Alp Soll hinuntergeschleudert; wo er tot aufgefunden wurde. Der Hohkasten ist ein leichter; voralpiner Berg mit gebahnten Pfaden.,Wandern,Absturz,1,SG (Werdenberg),"sac-cas.ch/de/die-alpen/alpine-ungluecksfaelle-1889-7877/. WILD Josef Anton / WILD Karl / STEUBLE Robert. Monatschronik von Appenzell Innerrhoden für die Jahre 1884-1953. Innerrhoder Geschichtsfreund; Band 29; 1985. Persistenter Link: http://doi.org/10.5169/seals-405246
",
1889,04.08.1889,Alp Dreihütten,Alp Dreihütten,"Die Zeitungen melden mehrere Unglücke in den Bergen. Bei einem Ausflug der Sektion St. Gallen vom schweizerischen Alpenklub verunglückte in der Nähe der Alp Dreihütten Herr A. Bösch; von Bösch u. Komp.; in St. Gallen. Er starb nach kurzem Leiden… (Murtenbieter) Im St.Galler Volksblatt ist vom ""Furgglenfirst"" die Rede. Er soll dort abgestürzt sein und in bewusstlosem Zustand nach Brülisau hinuntertransportiert worden sein; wo er den Verletzungen erlag.",Wandern,?,1,SG,"Der Murtenbieter; 10. August 1889
St. Galler Volksblatt; 7. August 1889",
1889,4.8.1889,Ebenalp / Gartenalp,Ebenalp,...Von einer andern Gesellschaft stürzten die Herren Buchbinder Ulr. Mock und Bürstenmacher Jakob Mittelholzer aus Herisau beim Abstieg von der Ebenalp. Der erste wurde schwer verletzt; der zweite verlor das Leben…(Murtenbieter). Die beiden stürzten bei Garten ab (Monatschronik),Wandern,Absturz,1,AR,St.Galler Tagblatt. Der Murtenbieter; 10. August 1889. Der Bund; Band 40; Nummer 216; 7. August 1889. Wild; Josef Anton / Wild; Karl / Steuble; Robert. Monatschronik von Appenzell Innerrhoden für die Jahre 1884-1953. Innerrhoder Geschichtsfreund; Band 29; 1985. Persistenter Link: http://doi.org/10.5169/seals-405246,
1889,4.8.1889,Kraialpfirst,Kraialpfirst,...Ein fremder Tourist fiel an der Krayalp (Säntis); als er Edelweiß suchte; in eine furchtbare Tiefe. Bis jetzt bemühte man sich umsonst; ihn aufzufinden.,Edelweiss-Suche,Absturz,1,Fremder (ohne näheren Angaben),Der Murtenbieter; 10. August 1889,
1889,4.8.1889,Sämtisersee,Sämtisersee,Der 4. (August); ein Sonntag; war ein rechter Unglückstag; indem nicht weniger als 4 schwere Bergunfälle sich ereigneten. Zwei; wovon einer tödlich; stürzten auf Garten ab; ein dritter wurde beim Sämtisersee gefunden. Er starb noch am gleichen Tag und ein vierter stürzte auf der Kraialp beim Edelweissuchen ab.,?,?,1,?,Wild; Josef Anton / Wild; Karl / Steuble; Robert. Monatschronik von Appenzell Innerrhoden für die Jahre 1884-1953. Innerrhoder Geschichtsfreund; Band 29; 1985. Persistenter Link: http://doi.org/10.5169/seals-405246,
1889,04.08.1889,Furgglenfirst,Furgglenfirst,...sowie der tötliche Sturz unseres Clubgenossen Bosch (Section St. Gallen); 4. August; an der Furglenfirst (Sentisgruppe); dessen Ursache wahrscheinlich in einem Anfall augenblicklicher Bewußtlosigkeit zu suchen ist (S.A.Z. pag. 167) 4. August 1889. Theodor Jakob Bösch; Kaufmann; in St.Gallen; Mitglied des Schweizerischen Alpenclubs. Gegen Rainhütten hin erfallen. Er wurde am 2. August 1852 geboren als Kind des Johann Jakob Bösch und der Barbara Brauneis; von Rheineck. «Appenzeller Volksfreund» 1889; Nr. 63 und 64. (Jakob Signer Chronik),Wandern,Absturz,1,SG,sac-cas.ch/de/die-alpen/alpine-ungluecksfaelle-1889-7877/. http://jakobsigner.9050appenzell.ch/Geschichtsblaetter%20Ruete%20-%20Korrekturstand%202021-06-14.pdf,
1889,24.11.1889,Altmann,Altmann,24. November. Altmann ( Sentisgruppe ). HH. Seiler ( S.A.C. Section St. Gallen ) t; Bodenmann und Dörig; Solin des Maglisalpwirths. Nach gelungener Besteigung des Altmanns stiegen dieselben gegen die Toggenburgerseite ab. In einem vereisten Kamin glitt Seiler beim Schlagen der ersten Stufe aus; fuhr 300—400 m tief hinab und wurde tot aufgehoben. Die Partie war nicht angeseilt und ohne eigentlichen Führer. ( S.A.Z. pag. 239 und Neue Zürch. Ztg. Nr. 342; 2. Blatt. ),Klettern,Absturz,1,SG,sac-cas.ch/de/die-alpen/alpine-ungluecksfaelle-1889-7877/,
1889,ohne Angabe,Bösegg,Bösegg,…das eiserne Kreuz erblickt; das die Stelle bezeichnet; wo der Leichnam des im Jahr 1889 im Schneesturm umgekommenen Oskar Fässler von Appenzell aufgefunden wurde.,Wandern,Erschöpfung; Schwäche oder andere (Herzstillstand; Hirnblutung; etc.),1,AI,Säntisführer 1904; S.106,
1889,ohne Angabe,Unbekannt (Alpstein),Unbekannt (Alpstein),1871 beschäftigte sich die Vereinsführung des SAC erstmals mit der steigenden Zahl alpi­ner Unglücksfälle. Bis zu einem «organisierten Rettungswesen» sollten aber noch Jahre vergehen. 1888 erschien im Organ des SAC; den «Alpen»; erstmals eine Rubrik alpiner Unglücksfälle. Im Folgejahr wurden darin bereits vier Todesfälle im Gebiet des Alpsteins aufgeführt. (siehe drei vom SAC berichtete Todesfälle für 1889),?,?,0,-,Christina Buchser und Peter Diener jun. Berge faszinieren - Bergrettung ebenfalls. In: Toggenburger Jahrbuch; 2013.,
1889,ohne Angabe,Wagenlücke / Lochtem / Fehlalp,Wagenlücke / Lochtem / Fehlalp,Auf plötzliches Unwohlsein oder Entkräftung an kritischer Stelle sind zurückzuführen: der Tod Hrn. Fäßler's; 26. Juli; oberhalb der Wagenlucke am Sentis; der wahrscheinlich in Folge von Entkräftung beim Kampfe mit Sturm und Wetter eintrat ( S.A.Z. pag. 167 ),Wandern,Erschöpfung; Schwäche oder andere (Herzstillstand; Hirnblutung; etc.),1,AI,sac-cas.ch/de/die-alpen/alpine-ungluecksfaelle-1889-7877/,
1890,5.3.1890,Wagenlücke / Lochtem / Fehlalp,Wagenlücke / Lochtem / Fehlalp,Dem Appenzeller Volksfreund wird geschrieben: Die am vorletzten Mittwoch Morgens 6 Uhr von Schwende aufgebrochenen vier Proviantträger für den Säntis (Franz Dörig; Lieferant für die Station; sein Bruder Josef Anton; Franz Dörig; Meglisalpwirths; und Josef Rusch; Steublis) kamen bei gutem Wege bei der Klubhütte in Schrennen an und machten dort eine kurze Rast. Sie hatten vier Zentner zu tragen. Als sie wieder aufbrachen; trat Sturmwetter ein und sie wußten nicht; ob sie vorwärts oder aber wieder rückwärts gehen sollten. Schließzlich siegte auch hier das „vorwärts“. Vor und hinter ihnen rollten die Staublawinen von Gloggern herab. Um halb 12 Uhr kamen sie sehr ermüdet in Meglisalp an. Sie fingen an zu heizen und tranken einen guten Kaffee. Da leider zwischen Meglisalp und Säntis keine Telephonverbindung ist; mußten sie sich; damit die Thal- und Säntisbewohner sicher seien; daß ihnen kein Unglück zugestoßen; eines andern Mittels bedienen. Sie nahmen eine Zange und schnitten den Draht des Telegraphen entzwei und zwar zu einer solchen Zeit; wo sie wußten; daß man telegraphiren wollte. Nach drei Stunden stellten sie die Verbindung weder her und Säntis und Schwende waren beruhigt. Erst am Samstag durften sie weder aufbrechen. Um 4 Uhr Morgens nahmen sie von ihrem dreitägigen Logis; während welcher Zeit sie sich mit Jassen und Schreiben unterhielten; Abschied. Sie nahmen aber nur 140 Pfund mit sich. Schon etwas nach halb 8 Uhr waren sie droben. Die Freude der Stationsleute war groß. Sie sehnten sich besonders nach Brot; das mehrere Tage vorher ausgegangen war. Um Mittag wurde der Rückweg angetreten und zwar über die Wagenluke; dem Meßmer zu. In Fehlalp unter Lochten mußten sie aber noch einen unliebsamen Aufenthalt machen. Als sie gemüthlich marschirten; löste sich der Schnee unter ihren Füßen und im Nu waren alle vier Männer mit ihren „Krenzen“ und Stöcken im Schnee begraben. Josef Dörig gelang es zuerst; das ersehnte Licht der Welt wieder zu erblicken. Er suchte nach dem Zweiten und so gings bis zum Vierten (Franz Dörig; Meglisalpwirths); welcher am tiefsten begraben lag. Nach einer Viertelfstunde standen die Männer wieder aufrecht; zwei bluteten aus Mund und Nase; sonst spürten sie nichts. Um halb 5 Uhr waren sie wieder bei den Ihrigen.,Arbeit,Lawine / Schneebrett,0,-,Neue Zürcher Zeitung; Nummer 76; 17. März 1890 Ausgabe 02,
1890,26/09/1890,Girenspitz / Kammhalde,Girenspitz (inkl. Kammhalde),"Im September 1890 erregte ein tragischer Unfall regionales Aufsehen. Zwei junge führerlose Bergsteiger wurden bei ih­rem Versuch; den Säntis über den Hühnerberg zu besteigen; von einem Wettersturz überrascht und blieben verschwunden. Verzweifelte Rettungsversuche scheiterten; worauf die fähigsten Leute zu zwei Bergungsexpeditionen zusammengerufen wur­ den. Doch auch diesen Helfern misslang es; die beiden Verun­fallten vor Wintereinbruch zu finden. Sie blieben für immer verschollen. (Buchser und Diener; 2013).
Auch der SAC berichtet von diesem Ereignis: ""17. October. Säntis. Herren Leuch und Paganini ohne Führer; Beide t. Die beiden jungen Touristen beabsichtigten auf dem schwierigen Wege von der Bottersalp aus über den Hühnerberg den Säntis zu besteigen; wurden am Vormittag des 26. noch in der Schwarzhütte gesehen und sind seither verschwunden. Die Ursache der Katastrophe ist wahrscheinlich das gewaltige Unwetter ( mit Schneefall ); das an jenem Vormittag eintrat. Zwei Expeditionen zur Auffindung der Verunglückten blieben erfolglos. S.A.Z. Nr. 22."" Dass die beiden für immer verschollen blieben; stimmt jedoch nicht. Grosser Hermann (1974) berichtet von: Bergung der Leichen von Leuch und Paganini an der Kammhalde im Oktober 1890 und Juni 1891. Karl Paganini (22 Jahre) und Otto Leuch (18 Jahre) (Der Bund; Nr 228; 18. Aug. 1893) Ernst Otto Leuch; *1870; verunglückte am 16. X. 1890 als Schüler der 7. Klasse des Gymn. St. Gallen mit Paganini in einem Schneesturm im Säntisgebiet. (Koller/Signer)",Wandern,?,2,SG,Christina Buchser und Peter Diener jun. Berge faszinieren - Bergrettung ebenfalls. In: Toggenburger Jahrbuch; 2013. Grosser Hermann. Aus dem Leben der Säntisträger. Appenzeller Kalender; Band 253; 1974. sac-cas.ch/de/die-alpen/alpine-ungluecksfaelle-1890-7934/ Koller Ernst H. und Signer Jakob. Appenzellisches Wappen- und Geschlechterbuch. Bern und Aarau 1926. (Faksimiledruck von 1984),
1890,September 1890,Lütisalp/Säntisalp/Bernhalden,Säntisalp,"Dem „Toggenb. Anz."" wird von zuberläßiger Seite mitgetheilt; daß in den drei Alpen Lütisalp; Säntisalp und Bernhalden von 1080 Stück Rindvieh 560 von der Seuche ergriffen wurden. Sämmtliche 16 Sennen der Säntisalp hatten unter der Kalamität schwer zu leiden; jo daß sich der Schaden für einzelne derselben auf 4-5000 Fr. und darüber belaufen dürfte. An der Seuche zu Grunde gegangen sind bis dato 20 Stück und zwar die meisten erst; naddem sich ihr Gefundheitszustand gebessert hatte; an Herzschlag (Blutvergiftung).",Tier,Seuche,0,-,Seeländer Bote; Band 41; Nummer 111; 16. September 1890,
1891,ohne Angabe,Ebenalp,Ebenalp,Von den Unglücksfällen in den Voralpen fallen diejenigen hier außer Betracht; die sich an leichten Bergen und Pässen auf gebahntem Pfade in Folge eines Mißtritts an kritischer Stelle ereignet haben; ferner die Umfalle beim Edelweißsuchen; sowie diejenigen; über welche nur ungenügende Nachrichten vorliegen. Es gehören dahin die Todesfälle...; Signer an der Ebenalp ( Säntis ); ...,?,?,1,AI,sac-cas.ch/de/die-alpen/alpine-ungluecksfaelle-1891-7988/,
1891,März 1891,Hängeten / Seealp,Hängeten,"Appenzell I.-Rh. Letzter Tage hatten laut ""Volksfreund"" die innerrhodischen hohen Häupter; Säntis; Hundstein; Kasten; Schäfler schon Besuch von Touristen. Letztere fanden überall Alles in Ordnung; einzig in Seealp hatte eine von der Hängeten herabgekommene Lawine dem Herrn Hauptmann Dörig in Steinegg zwei Hütten eingedrückt.",Lawine,Lawine / Schneebrett,0,-,Tagblatt der Stadt Biel; Band 29; Nummer 61; 13. März 1891,
1891,7.10.1891,Steckenbergsattel,Steckenberg,Am Steckenberg (Säntis) wurde gestern Nachmittag ein männlicher Leichnam gefunden; wahrscheinlich ein Verunglückter. Ueber den Steckenberg führt der Weg ; auf dem vor einem Jahre Leuch und Paganini verunglückten.,Wandern,?,1,?,Die Ostschweiz; 8. Oktober 1891,
1892,15.07.1892,Teselalp,Teselalp,Letzten Freitag Nachts 11 Uhr brannte die große Sennhütte der der Gemeinde Gams gehörenden Teselalp oberhalb Wildhaus ab. Es sollen 158 Käse sowie sieben Zentner Butter und die gesammte Fahrhabe verbrannt sein. Versichert war nur das Ge—-bäude. Mit den größten Anstrengungen gelang es den Sennen; die naheliegenden Ställe durch Bewerfen mit Mist zu retten; sodaß ein Verlust an Vieh nicht eingetreten ist. Die Sennen behaupten; es liege Brandstiftung vor; da das Feuer nicht bei der Feuerstelle; sondern in der entgegengesetzteen Ecke der Hütte ausgebrochen sei; kurz nachdem sie sich zur Ruhe begeben.,Feuer,Feuer / Explosion,0,-,Neue Zürcher Zeitung; Nummer 202; 20. Juli 1892,
1893,13.08.1893,Hundstein,Hundstein,"Im Sommer 1893 verunglückte am Hundstein der 15jährige Kantonsschüler Walter Grob von St.Gallen beim Edelweisssuchen. (Landeschronik AI) Bezüglich der Leiche des vom Hundstein abgestürzten Walter Grob von St. Gallen wird berichtigend mitgeteilt; daß dieselbe keineswegs verstümmelt war und keine schweren; äußerlich sichtbaren Verletzungen zeigte. Den zweifellos augenblicklichen Tod habe der Bruch des Halswirbels verursacht. Seit kaum vier Jahren sind nicht weniger als fünf Jünglinge aus der Stadt Sankt Gallen im Hochgebirge eines jähen Todes gestorben: Rudolf Seiler (27 Jahre) am Altmann; Karl Paganini (22 Jahre) und Otto Leuch (18 Jahre) am Säntis ; Adolf Wirth (21 Jahre) am Gotthard und Walter Grob (IS Jahre) am Hundstein. (Der Bund) Auffallend viele Unglücksfalle werden diesen Sommer aus dem Gebirge gemeldet. So hat letzter Tage ein solcher Unglücksfall wieder eine st. gallische Familie in tiefe Trauer versetzt . Herr Dekan Grob hat einen fünfzehnjährigen begabten Knaben; wahrscheinlich Alpenblumen suchend; an gefährlicher Stelle durch Abstuz vom Hundstein verloren. (Es betrifft dies den in letzter Nummer aus Brüllisau gemeldeten Leichenfund am Fahlensee.) Walter Grob zog Donnerstag morgens 5 Uhr von St . Gallen aus der Sämtiseialp zu; in der Hoffnung; dort seinen älteren Bruder Heinrich zu treffen; letzterer war aber im Laufe des Tages heimgegangen und Donnerstag abends wieder in St. Gallen eingetroffen. Walter; den Bruder am Fählensee vermutend; zog nun von der Sämtiseralp vorwärts und nahm oben; wie schon viele des Weges unkundige Wanderer; den Weg rechts auf die Widderalp. Dort hat man ihm in der Hütte vermutlich berichtet; daß er nicht auf dem rechten Weg nach dem Fahlensee sei; aber über den Hundstein zu demselben gelangen könne. Der junge Reisende unternahm die bekanntlich schwierige Tour und machte sie glücklich. Auf der Spitze schrieb er sich ins Besucherheft ein und nahm dann den Abstieg gegen den See und den Schafberg; dann und wann den Namen seines Bruders rufend; um sich ihm eventuell bemerklich zu machen. Er war bereits aus den schwieligen Partien heraus; als ihn abends nach 5 Uhr der „Edelweisser"" Pfister antraf und ihn einlud; mit ihm ins Tal hinabzukommen. Da zog ihn die Lust und die Freude; zum ersten Mal selbst Edelweiß zu pflücken; ins Verderben. Er erklärte; der Weg in die Hütte hinunter sei nun leicht zu finden; er wolle noch eine Weile oben bleiben und Edelweiß suchen. Am Freitag Morgen fanden ihn dann zwei Männer am Fuße der Felswand; hart am See. Der Leichnam war keineswegs verstümmelt; im Gegenteil zeigten Kopf; Rumpf und Glieder keine schweren; äußerlich sichtbaren Verletzungen. Den ohne Zweifel momentanen Tod hat der Bruch des Halswirbels verursacht. (Die Ostschweiz)",Edelweiss-Suche,Absturz,1,SG,"Landeschronik AI
Der Bund; Band 44; Nummer 228; 18. August 1893
Die Ostschweiz; 15. August 1893
Datum gemäss NZZ; Nr 232; 20. Aug. 1893",
1894,04.02.1894,Wagenlücke / Lochtem / Fehlalp,Wagenlücke / Lochtem / Fehlalp,Am 7. Februar 1894 berichtete der Appenzeller Volksfreund; es scheine; daß am Säntis wieder ein schweres Unglück passiert sei. «Es wird nämlich erzählt; daß der bekannte Bergführer Franz Dörig und der Träger Manser von Schwende; beide beim Säntiswirt bedienstet; am Sonntag den Abstieg vom Säntis unternahmen und seitdem vermißt werden». Am frühen Morgen seien bereits zehn kräftige Männer von Schwende zur Aufsuchung abgegangen. Einige Tage später machten sich erst 34 und dann sogar 77 Männer zur gleichen Sucharbeit auf; doch verschlechterte sich das Wetter und eine Staublawine überraschte sogar fünf von ihnen; doch konnten sich diese trotz ihrem Hinuntergleiten mit dem Schnee noch retten; aber die Sucharbeit mußte angesichts der zunehmenden weitern Lawinengefahr abgebrochen werden. Endlich nach einem Monat; am 4. März; hatten sich die Verhältnisse derart gebessert; daß eine über 30 Mann große Bergungsmannschaft erneut die Suche aufnehmen konnte und auch bald zum Ziele kam. Offenbar waren beide Verunfallten von einer Lawine mit gewaltiger Heftigkeit hingeworfen und leicht überdeckt worden; daß sie sofort erstickten; denn sie lagen in einer verhältnismäßig geringen Tiefe unter dem Schnee und hätten sich; wären sie bei Verstand gewesen; wohl selbst wieder befreien können. Auch bei ihnen war die Anteilnahme der ganzen Bevölkerung sehr groß und für ihre Familien wurde eine Geldsammlung veranstaltet; da sie nicht versichert waren.,Arbeit,Lawine / Schneebrett,2,AI,"Landeschronik AI. 
Grosser Hermann. Aus dem Leben der Säntisträger. Appenzeller Kalender; Band 253; 1974.",
1895,-,-,-,Keine Erwähnung von Bergunfällen in der SAC-Liste der Alpinen Unglücksfälle von 1895,-,-,0,-,sac-cas.ch/de/die-alpen/alpine-ungluecksfaelle-1895-8238/,
1896,-,-,-,Keine Erwähnung von Bergunfällen in der SAC-Liste der Alpinen Unglücksfälle von 1896,-,-,0,-,sac-cas.ch/fr/les-alpes/alpine-ungluecksfaelle-1897-8356/,
1897,-,-,-,Keine Erwähnung von Bergunfällen in der SAC-Liste der Alpinen Unglücksfälle von 1897,-,-,0,-,sac-cas.ch/fr/les-alpes/alpine-ungluecksfaelle-1897-8356/,
1898,-,-,-,Keine Erwähnung von Bergunfällen in der SAC-Liste der Alpinen Unglücksfälle von 1898,-,-,0,-,sac-cas.ch/de/die-alpen/alpine-ungluecksfaelle-1898-8408/,
1899,-,-,-,Keine Erwähnung von Bergunfällen in der SAC-Liste der Alpinen Unglücksfälle von 1899,-,-,0,-,sac-cas.ch/de/die-alpen/alpine-ungluecksfaelle-1899-8458/,
1899,30.07.1899,Bogarten,Bogartenfirst,Am Bogarten ist am Sonntag beim Edelweißpflücken der 17 Jahre alte Max Rau von St. Gallen abgestürzt. Der Unglückliche stürzte eine Felswand von ca. 150 Meter tief hinunter und blieb tot auf dem Platze.,Edelweiss-Suche,Absturz,1,SG,Zuger Nachrichten; Band 13; Nummer 87; 1. August 1899,
1899,09.07.1899,Alp Filder,Filderkopf,Gestern nachmittags ist ein 24 Jahre alter Senn am Filder verunglückt. Derselbe wollte einen Stein aus dem Wege räumen; glitt dabei aus und stürzte mit einem größeren Felsstücke in die Tiefe. Der Unglückliche wurde als schrecklich verstümmelte Leiche aufgehoben.,Arbeit,Absturz,1,?,Der Bund; Band 50; Nummer 191; 11. Juli 1899 Ausgabe 02 — Kleine Zeitung,
1900,1/17/1900,Kronberg,Kronberg,Am 17. verunglückte ein Gmünder von Enggenhütten beim Schlitteln am Kronberg so schwer; dass er nach zwei Tagen starb. Er war Vater von fünf Kindern. Am Unglückstag kam überdies seine Frau ins Wochenbett.,Schlitteln / Rodeln,?,1,AI,WILD Josef Anton / WILD Karl / STEUBLE Robert. Monatschronik von Appenzell Innerrhoden für die Jahre 1884-1953. Innerrhoder Geschichtsfreund; Band 29; 1985. Persistenter Link: http://doi.org/10.5169/seals-405246,
1900,Juni 1900,Kraialpfirst,Kraialpfirst,Von der Krayalp stürzten zwei junge Wiener Touristen ab; sie wurden schwer verletzt.,?,Absturz,0,-,Seeländer Bote; Band 51; Nummer 71; 14. Juni 1900,
1900,12/18/1900,Saxerlücke,Roslenfirst,18. Dezember. Saxerlucke (Säntis). Durch Absturz verlor der Fabrikant Lustenberger aus Sax bei einer Bergfahrt auf die Saxerlucke das Leben. M. D. Ö.A.V. 1900; pag. 287.,Wandern,Absturz,1,SG (Werdenberg),sac-cas.ch/de/die-alpen/alpine-ungluecksfaelle-1900-8508/,
1901,-,-,-,Keine Erwähnung von Bergunfällen in der SAC-Liste der Alpinen Unglücksfälle von 1901,-,-,0,-,sac-cas.ch/de/die-alpen/alpine-ungluecksfaelle-1901-8611/,
1902,6/29/1902,Altenalp / Gläubt bzw. Lauberkopf,Altenalp,"29. Juni. Alpstein ( Appenzell ). Kaufmannslehrling Stüdli aus Flawil; von einer Sonntagstour; allein gehend; nicht heimgekehrt; ist vier Wochen später bei den Lauberköpfen als verstümmelte Leiche aufgefunden worden. M. D. Ö.A.V. 1902; pag. 184; Alp. 1902; pag. 113; 117; 125; 133. (SAC)

Die Leiche des jungen S t ü d l i aus F l a w i l ; die seit vier Wochen im Säntisgebiet vermißt wurde; ist im Felsgeröll bei den Lauberköpfen an der Altenalp aufgefunden worden. Stüdli hat also wohl vom Aescher au» den Weg nach dem SäntiS eingeschlagen und ist schon beim Aufstieg verunglückt. Ueber die Auffindung wird heute folgende» Nähere gemeldet : Ein Geißbub des Sennen Weißhaupt zur Seealp fand letzter Tage oberhalb deS Seealpsees im FelSgeröll rechts des See» einen Hut und Stock. Er nahm die Sachen an sich; machte aber keine Anzeige. Als man aber trotzdem davon erfuhr; begannen die Nachforschungen von neuem. Ein Aelpler beobachtete die Ansammlung von Vögeln und auS deren Benehmen schloß er; daß irgend etwas dort zu finden sein müsse; was die Tiere anzog. Er stieg vom Seealpsee an der FelSgeröllhalde empor und fand nun eine Leiche; die in einem schrecklichen Zustände sich befand. Laut Aussagen des Mannes lag der Rock des Verunglückten über dem Oberkörper der Leiche ausgebreitet. Wetter und Vögel hatten ihr Zerstöcungswerk ausgeführt. Es scheint also; daß Stüdli nach dem Absturz noch gelebt und zum Weitergehen unfähig; den Rock ausgezogen und zum Schutze gegen die nächtliche Kälte über sich gelegt hat. Wir haben es also wieder mit einem jener alpinen Unglücksfälle zu tun; wo die unselige Alleingängerei zum Verhängnis geworden ist. (Der Bund)",Wandern,Absturz,1,SG,"sac-cas.ch/de/die-alpen/alpine-ungluecksfaelle-1902-8558/

Der Bund; Band 53; Nummer 220; 9. August 1902",
1902,7/12/1902,Tierwis / Schwägalp,Tierwis,Vom Säntis wird ein neues Bergunglück gemeldet — das dritte in diesem Sommer. Vorigen Samstag unternahm der 19jährige Sohn des Ferggers Inhelder; wohnhaft zur Landscheide bei Schönengrund; mit einem Kameraden eine Säntistour. Die Beiden wählten den Weg über Roßfall-Schwägalp-Thierwies und es gieng der Aufstieg bis zur Säntisspitze glücklich von statten. Dagegen sollte der Abstieg; ausgeführt Sonntag mittags auf der gleichen Route; verhängnisvoll werden. Unterhalb der Thierwies wichen die beiden; um Edelweiß zu pflücken; vom Wege ab; während der andere; die Gefahr bald erkennend; sich wieder auf den rechten Weg zurückzog; soll Inhelder vorwärts gedrungen und in eine solch gefährliche Situation gekommen sein; daß ein Abstürzen unzweifelhaft erfolgen mußte. Die anfänglich seinem Kameraden durch Jauchzer gegebenen Lebenszeichen verstummten und die von letzterem gehegte Annahme; es könnte Inhelder auf anderem Wege der Schwägalp zugesteuert sein; bestätigte sich nicht; so daß mit immer größerer Sicherheit angenommen werden mußte; es sei dem Bergsteiger ein Unfall zugestoßen. Trotz allen bis heute angestellten Nachforschungen und Anflrengungen ist es noch nicht gelungen; die Absturzstelle ausfindig zu machen und den Verunglückten zu heben.,Edelweiss-Suche,Absturz,1,AR,Der Bund; Band 53; Nummer 196; 16. Juli 1902,
1902,9/2/1902,Marwees / Gloggern,Marwees,"Der 7jährige Hüterbub auf der Alp Gloggeren und Sohn von Säntisträger Josef Anton Dörig (Franze-Sebedöni); der um 6 Jahre jüngere Bruder des verunglückten Säntisträgers Franz Anton und Bruder der später weitherum bekannten Äschernann; stürzt am 2. September 1902 in den Tod. (Grosser Harmmann)
Ueber den Unfall am Säntis wird der „Ostschweiz“ geschrieben: Am Dienstag nachmittag stürzte von der Marwies beim Schrennenwege nach dem Säntis ein siebenjähriger Knabe; Joseph Anton Dörig von Hinterschwende; herab und blieb auf der Stelle tot liegen. Der Kleine war mit einem Knechte zum Bergen und Hüten des Viehs in jener Gegend; da sein Vater; der Besitzer der bekannten Weideplätze der Gloggernköpfe an der Marwies; in seinem Wohnhaus in der Schwende sich befand. Der muntere Knabe wollte einen Stein vom Boden loslösen und fortstoßen. Der Knecht tadelte seinen Versuch; sah aber augenblicklich nicht weiter nach dem Knaben; der schon seit längerer Zeit der Schulferien sich in der Alp befand und an jenes Leben gewöhnt war; als der Hirte beim späteren Aufsehen den Knaben plötzlich stürzen und in die Tiefe fallen sah. Bei diesem schaurigen Anblicke befiel den erschreckten Mann; den am bittern Unglücksfalle keine Schuld trifft; eine Ohnmacht. Später wurde die schrecklich verstümmelte Leiche auf dem Wege über Schrennen oberhalb dem Seealpsee aufgefunden und nach Hause befördert. (NZZ)",Arbeit,Absturz,1,AI,"Grosser Hermann. Aus dem Leben der Säntisträger. Appenzeller Kalender; Band 253; 1974.
Neue Zürcher Zeitung; Nummer 248; 7. September 1902",
1903,7/20/1903,Kraialpfirst,Kraialpfirst,"Wildhaus; 20. d. Auf der Kraialp wurde heute vormittags die Leiche eines unbekannten Touristen aufgefunden. Man vermutet; er sei beim Abstieg vom Säntis oder vom Altmann abgestürzt. (Der Bund)
Der gestern auf der Kraialp tot aufgefundene Tourist wurde erkannt als der Sticker Sonderegger aus Sax (Rheintal). Er war auf dem Abstieg vom Säntis begriffen. (NZZ)",Wandern,Absturz,1,SG (Werdenberg),"Der Bund; Volume 54; Number 201; 21 July 1903
NZZ; Nr 200; 21. Juli 1903 Ausgabe 03",
1903,8/14/1903,Erster Kreuzberg (von Süden),Erster Kreuzberg,"Zwei Wochen vor der Erstbesteigung des I. Kreuzbergs (diese fand am 6. September 1903 durch Carl Peretti; Richard Güttler und Bernhard Schuh; alle aus St.Gallen; und zwar unter Zuhilfenahme einer 10 Meter langen Leiter statt; welche über die Scharte gelegt wurde) versuchten Hans Dübi; Ingenieur-Topograph in Bern; und Fräulein Hermine Kläger von St.Gallen; denen im Lauf des Sommers verschiedene Erstbesteigungen in den Kreuzbergen geglückt waren; ihr grosses Können am ""Ersten"". Sie wollten den Gipfel von Süden bezwingen; und Richard Güttler kann sich erinnern; dass die beiden in den steilen Rasenhängen; wo nicht gesichert werden konnte; unangeseilt gingen; und dabei sei Hermine Kläger; jedenfalls infolge eines Unwohlseins; tödlich abgestürzt. (Kleine)

Sie hatte sich dem Winterthurer Technikumschüler Hans Dübi aus Bern und Juilland aus dem Wallis angeschlossen. Die Dame war; eine geübte Bergsteigerin. Der Unglücksfall passierte am ersten Kreuzberg; den die Touristen von einer neuen Seite zu befseigen versucht hatten. Auf dem Rückveg glitt Frl. Kläger aus und stürzte über hohe Felswände hinunter. (Seeländer)",Klettern,Absturz,1,SG,"Karl Kleine. Aus der alpinen Erschliessungsgeschichte der Kreuzberge. In: Die Alpen; Monatszeitschrift des Schweizer Alpenclub; XVII; 1941.
sac-cas.ch/de/die-alpen/alpine-ungluecksfaelle-1903-8668/

Seeländer Bote; Band 54; Nummer 99; 18. August 1903",
1903,9/5/1903,Hundstein,Hundstein,"Am 5. verunglückte ein 50jähriger Fergger von Herisau am Hundstein beim Edelweisspflücken tödlich. (Monatschronik)
Gemäss der Bund handelte es sich beim Edelweisssucher um einen ""Thäler"" aus Herisau; und der Unfall ereignete sich am Altmann; nicht Hundstein. (Der Bund)

6. September 1903. Am «Fählen Schafberg» verunglückte tödlich Johannes Thäler; Kommis.;Ehemann der Anna Katharina Tribelhorn; von Hundwil; im Alter von 59 Jahren; 6 Monaten und 8 Tagen. «Appenzeller Volksfreund» 1903; Nr. 72. (Jakob Signer)",Edelweiss-Suche,Absturz,1,AR,"Wild; Josef Anton / Wild; Karl / Steuble; Robert. Monatschronik von Appenzell Innerrhoden für
die Jahre 1884-1953. Innerrhoder Geschichtsfreund; Band 29; 1985. Persistenter Link: http://doi.org/10.5169/seals-405246

Der Bund; Volume 54; Number 249; 7 September 1903

Jakob Signer Chronik (http://jakobsigner.9050appenzell.ch/Geschichtsblaetter%20Ruete%20-%20Korrekturstand%202021-06-14.pdf)",
1904,5/23/1904,Ebenalp / Seealp,Ebenalp,23. Mai; Pfingstmontag. Im Säntisgebiet stürzte der 19jährige Bauzeichner Eug. Lohse aus Dresden zwischen Ebenalp und Seealp ab und wurde schrecklich zerschmettert unten aufgefunden. Er war in Gesellschaft aufgestiegen; trennte sich dann aber und ging trotz Abmahnung seiner Wege. Eine Zeitungsnotiz gibt als Unfallsursache Herzkrampf an! M. D. Ö.A.V. 1904; pag. 139 und 148; Alp. 1904; pag. 99.,Wandern,Absturz,1,Deutschland,sac-cas.ch/de/die-alpen/alpine-ungluecksfaelle-1904-8748/,
1904,6/4/1904,Wildkirchli,Ebenalp,Am 4. (Juni) ereignete sich beim Wildkirchli ein bedauerlicher Unfall; indem eine dort angestellte Tochter über die Felswand stürzte und den Tod fand.,Arbeit,Absturz,1,?,"WILD Josef Anton / WILD Karl / STEUBLE Robert. Monatschronik von Appenzell Innerrhoden für
die Jahre 1884-1953. Innerrhoder Geschichtsfreund; Band 29; 1985. Persistenter Link: http://doi.org/10.5169/seals-405246",
1904,7/5/1904,Öhrli,Öhrli,Appenzell; 6. d. Ein deutscher Musikdirektor ist gestern am Säntis abgestürzt. — Appenzell; 6. d. Der am Säntis Abgestürzte heißt W ä l l i und ist aus Zollikon (Zürich). Er verunglückte wahrscheinlich beim Blumensuchen am Ohrli und fiel über eine 200 Meter hohe Wand hinunter auf die Bodmeralp; wo heute früh der Leichnam gefunden wurde.,Edelweiss-Suche,Absturz,1,Deutschland,Der Bund; Band 55; Nummer 189; 7. Juli 1904 Ausgabe 02,
1904,7/16/1904,Säntis,Säntis,Am 16. dies machte der 21jährige Erich Altmann aus Breslau; Apothekergehilfe; in Wohlen (Aargau); einen Aufstieg auf den Säntis und ist seither nicht zurückgekehrt. Nachforschungen blieben ohne Erfolg. Der junge Mann war weder mit genagelten Schuhen noch mit einem Bergstock ausgerüstet und ist jedenfalls abgestürzt.,Wandern,Vermisstensuche,1,AG,Der Bund; Band 55; Nummer 210; 28. Juli 1904,
1904,8/21/1904,Tierwis,Tierwis,21. August. Säntis. Nahe der Thierwies-Clubhüttte stürzte infolge Fehltritts der 26jährige Zeichner Schwendimann über einen Felshang ab. Seine Begleiter brachten ihn von der Schwägalp; wo er noch lebend gefunden wurde; mit großer Mühe zu Tal; woselbst er in der gleichen Nacht den Folgen eines Schädelbruches erlag. Alp. 1904; pag. 160.,Wandern,Absturz,1,?,"sac-cas.ch/de/die-alpen/alpine-ungluecksfaelle-1904-8748/
Der Bund; Band 55; Nummer 235; 22. August 1904",
1904,9/18/1904,Säntis / Lisengrat,Kalbersäntis und Lisengrat,18. September. Säntis. Schriftsetzer Walser von St. Gallen wollte alleingehend vom Säntis zum Altmann hinüber und fiel dabei an gefährlicher Stelle 100 in. ab. Die zerschmetterte Leiche wurde 8 Tage später aufgefunden und geborgen. M. D. Ö.A.V. 1904; pag. 232; Alp. 1904; pag. 178.,Wandern,Absturz,1,SG,sac-cas.ch/de/die-alpen/alpine-ungluecksfaelle-1904-8748/,
1905,9/13/1905,Erster Kreuzberg,Erster Kreuzberg,"Am 13. September 1905 (Versuche durch Victor Sohm; St.Gallen; waren bereits vorausgegangen) waren Pichl; Sohm und Huber am ""Ersten"". Pichl stürzte bald nach dem Einstieg und verzichtete auf die Fortsetzung; da er verletzt war; Sohm und Huber kehrten auf dem Grat um...Pichl; dem mit seinen Kameraden andere schöne Erfolge in den Kreuzbergen beschieden waren; zog etwas enttäuscht in seine Heimat nach Wien zurück.",Klettern,Absturz,0,Österreich,Karl Kleine. Aus der alpinen Erschliessungsgeschichte der Kreuzberge. In: Die Alpen; Monatszeitschrift des Schweizer Alpenclub; XVII; 1941.,
1905,-,-,-,Keine Erwähnung von Bergunfällen in der SAC-Liste der Alpinen Unglücksfälle von 1905,-,-,0,-,sac-cas.ch/de/die-alpen/alpine-ungluecksfaelle-1905-8816/,
1906,8/26/1906,Säntis / Blauschnee,Säntis,"Am Säntis ist der 28jährige Kommis Feurer von St. Gallen; als er mit einem Freunde in der Dunkelheit aufstieg; 80 m. über eine Felswand abgestürzt und tot aufgefunden worden; die betreffende Stelle des Weges ist durch ein Drahtseil geschützt. M. D. Ö.A.V. 1906; pag. 224; Alp. 1906; pag. 152. (sac)
St. Gallen. 27. d. Am Säntis ist beim „Blauschnee"" gestern ein verheirateter Herr aus St. Gallen namens Feurer-Frehner zu Tode gestürzt. (Der Bund)",Wandern,Absturz,1,SG,"sac-cas.ch/de/die-alpen/alpine-ungluecksfaelle-1906-8883/
Der Bund; Band 57; Nummer 401; 27. August 1906 Ausgabe 02
Wild; Josef Anton / Wild; Karl / Steuble; Robert. Monatschronik von Appenzell Innerrhoden für
die Jahre 1884-1953. Innerrhoder Geschichtsfreund; Band 29; 1985. Persistenter Link: http://doi.org/10.5169/seals-405246",
1907,7/9/1907,Soll/Staubern,Staubernfirst,"Auf der Alp Soll kam ein 13jähriger Schüler ums Leben. Er stand dort bei einem Bauern im Dienste. Bei einem Botengang nach Brülisau verlor er im dichten Nebel den Weg. Man fand ihn tot auf Staubern. (Monatschronik)
9. Juli 1907. Johann Anton Weishaupt; «Langebischebüeblis» oder «Pepelis»; wohnhaft am Hirschberg. Er trat am 7. Juli bei seinem Vetter auf Soll in Sommerdienst. Eines Tages musste er in der «Krone» in Brülisau Brot holen; kam in den Nebel; verlor dann den Weg und vor Ermattung und Kälte kam er um sein junges Leben. Man fand ihn tot im «Wänneli»; 10 Meter vor der Staubernhütte. Der erst 13jährige Schüler der 6. Klasse war der Sohn von Johann Anton Weishaupt und der Katharina Josefa Speck am Hirschberg. «Appenzeller Volksfreund» 1907; Nr. 83 (Jakob Signer Chronik)",Arbeit,?,1,AI,"Wild; Josef Anton / Wild; Karl / Steuble; Robert. Monatschronik von Appenzell Innerrhoden für
die Jahre 1884-1953. Innerrhoder Geschichtsfreund; Band 29; 1985. Persistenter Link: http://doi.org/10.5169/seals-405246

http://jakobsigner.9050appenzell.ch/Geschichtsblaetter%20Ruete%20-%20Korrekturstand%202021-06-14.pdf",
1907,8/18/1907,Altenalptürme,Altenalptürme,"18. August. Im Säntisgebiet stürzte von drei Touristen; die die Altenalptürme emporzusteigen versucht hatten; G. Wehinger in steilem Kamin infolge Ausbrechen eines Steines rücklings ab und verschied sofort an Hinterhauptsbruch. M. D. Ö.A.V. 1907; pag. 215; Alp. 1907; pag. 152

Der gestern an den Altenalp-Türmen abgestürzte Bergsteiger ist der 23 jährige Gabriel Wehinger ; Zeichner von Beruf; in St . Gallen angestellt und in Herisau wohnhaft . Wehinger wollte mit zwei Kameraden die Türme besteigen ; er ging voraus und schlug einen andern als den auf der Karte ausgesuchten Weg ein. Beim Aufsteigen in einem Kamin gab ein Stein nach; und Wehinger stürzte 100 Meter tief ab. Er war sofort tot! Die Leiche wurde nach Appenzell und heute vormittag von dort nach Herisau verbracht. (Intelligenzblatt)",Klettern,Absturz,1,AR,"sac-cas.ch/de/die-alpen/alpine-ungluecksfaelle-1907-8944/

Wild; Josef Anton / Wild; Karl / Steuble; Robert. Monatschronik von Appenzell Innerrhoden für
die Jahre 1884-1953. Innerrhoder Geschichtsfreund; Band 29; 1985. Persistenter Link: http://doi.org/10.5169/seals-405246

Intelligenzblatt für die Stadt Bern; 20. August 1907",
1907,9/1/1907,Zweiter Kreuzberg (vom Dritten zum Zweiten),Zweiter Kreuzberg,1. September. Im Säntisgebiet ist der 19jährige Paul Ritter; Sohn des Chefs der Papierhandlung Ritter u. Cie. in St.Gallen; beim Übergangsversuch vom III. zum II. Kreuzberge; von zwei Kameraden begleitet; tödlich abgestürzt. M. D. Ö.A.V. 1907; pag. 215; Alp. 1907; pag. 163.,Klettern,Absturz,1,SG,"sac-cas.ch/de/die-alpen/alpine-ungluecksfaelle-1907-8944/
Neue Zürcher Zeitung; Nummer 243; 2. September 1907 Ausgabe 04",
1908,6/29/1908,Altenalp / Seealp,Altenalp,Ein mysteriöser Unfall hat fich in der Gegend vom Seealpsee zugetragen. Am Montag morgen erschien nämlich am Bahnhof in Appenzell barfüßig und schwer verletzt ein sechzehnjähriger Bursche aus St. Gallen und erzählte; ein Italiener habe ihm in den Abhängen der Altenalp die Schuhe genommen und er sei bei der Verfolgung des Diebes von den Kollegen desselben mit Steinen beworfen worden; schließlich abgestürzt und ohnmächtig liegen geblieben; er habe alsdann in der Gegend von der Seealp im Freien übernachtet. Die Verletzungen am Kopfe und an anbern Körperteilen; sowie der gebrochene Vorderarm lassen tatsächlich auf einen schweren Fall schließen.,Wandern,Absturz,0,-,Neue Zürcher Zeitung; Nummer 181; 1. Juli 1908 Ausgabe 05,
1908,,Altenalp / Seealp,Altenalp,Ein mysteriöser Unfall hat sich in der Gegend vom Seealpsee zugetragen. Am Montag morgen erschien nämlich am Bahnhof in Appenzell barfüßig und schwer verletzt ein sechzehnjähriger Bursche aus St. Gallen und erzählte; ein Italiener habe ihm in den Abhängen der Altenalp die Schuhe genommen und er sei bei der Verfolgung des Diebes von den Kollegen desselben mit Steinen beworfen worden; schließlich abgestürzt und ohnmächtig liegen geblieben. Er habe alsdann in der Gegend von der Seealp im Freien übernachtet. Die Verletzungen am Kopfe und an andern Körperteilen; sowie der gebrochene Vorderarm lassen tatsächlich auf einen schweren Fall schließen.,Wandern,Absturz / Gewalt,0,SG,Bieler Tagblatt; Nummer 155; 3. Juli 1908,
1908,7/28/1908,Unbekannt (Alpstein),Unbekannt (Alpstein),28. Juli. Im Säntisgebiet ist der 24jährige Schreiner Widmer; anläßlich seiner Sonntagstour; wohl infolge Überanstrengung tot zusammengesunken. Alp. 1908; pag. 126.,Wandern,Erschöpfung; Schwäche oder andere (Herzstillstand; Hirnblutung; etc.),1,?,sac-cas.ch/de/die-alpen/alpine-ungluecksfaelle-1908-9014/,
1909,5/22/1909,Säntis / Lisengrat,Kalbersäntis und Lisengrat,"22. Mai. Am Säntis sind zwei junge Ingenieure der Maschinenfabrik Sulzer; Holzach und Kindlimann; aus Winterthur; am Lysenyrat ( Übergang zum Altmann ) bei schlimmen Schneeverhältnissen abgestürzt. Alp. 1909; pag. 117; M. D. Ö.A.V. 1909; pag. 147.
Sehr detaillierter Bericht bei NZZ (siehe Quelle unter e-newspaperarchives.ch)

25. Mai 1909. Am «Lysengrat»; «Kalbersäntis»; verunglückten Paul Holzach und Otto Kindlimann. «Appenzeller Volksfreund» 1909; Nr. 63 und 64. (Jakob Signer Chronik)",Wandern,Absturz,2,ZH,"sac-cas.ch/de/die-alpen/alpine-ungluecksfaelle-1909-9093/

Neue Zürcher Zeitung; Nummer 146; 27. Mai 1909 Ausgabe 05

http://jakobsigner.9050appenzell.ch/Geschichtsblaetter%20Ruete%20-%20Korrekturstand%202021-06-14.pdf",
1909,8/16/1909,Säntis / Lisengrat,Kalbersäntis und Lisengrat,Das am Montag abend eingetretene starke Gewitter hat auch das Alpsteingebiet fürchterlich heimgesucht; ein Gewitter folgte von abends kurz vor 9 Uhr bis Dienstag früh dem andern. Und dabei herrschte ein gewaltiger Sturm. Das plötzlich eingetretene Vorkommnis war für verschiedene Touristen verhängnisvoll; da mit dem ersten Gewitter sich auch eine stockfinstere Nacht über den Alpstein legte. Drei Touristen wurden auf dem Linsengrat überrascht und mußten die ganze Nacht bei furchtbarem Sturm und Regen an gefährlicher Stelle zubringen; zwei andern ging es nicht besser am Fuße des Altmann gegen den Wildsee zu. Beide Partien durften sich die ganze Nacht nicht vom Fleck bewegen und hatten kollosale Strapazen auszustehen. Verunglückt ist glücklicherweise niemand.,Wandern,-,0,?,Der Bund; Band 60; Nummer 389; 19. August 1909 Ausgabe 02,
1909,8/16/1909,Altmann / Wildseelein,Altmann,Das am Montag abend eingetretene starke Gewitter hat auch das Alpsteingebiet fürchterlich heimgesucht; ein Gewitter folgte von abends kurz vor 9 Uhr bis Dienstag früh dem andern. Und dabei herrschte ein gewaltiger Sturm. Das plötzlich eingetretene Vorkommnis war für verschiedene Touristen verhängnisvoll; da mit dem ersten Gewitter sich auch eine stockfinstere Nacht über den Alpstein legte. Drei Touristen wurden auf dem Linsengrat überrascht und mußten die ganze Nacht bei furchtbarem Sturm und Regen an gefährlicher Stelle zubringen; zwei andern ging es nicht besser am Fuße des Altmann gegen den Wildsee zu. Beide Partien durften sich die ganze Nacht nicht vom Fleck bewegen und hatten kollosale Strapazen auszustehen. Verunglückt ist glücklicherweise niemand.,Wandern,-,0,?,Der Bund; Band 60; Nummer 389; 19. August 1909 Ausgabe 02,
1909,9/10/1909,Säntis / Lisengrat,Kalbersäntis und Lisengrat,Am letzten Donnerstag morgens 9 Uhr zogen vier Zöglinge der Verkehrsschule St. Gallen vom Säntis über den Lysengrat gegen den Altman. Die Schwierigkeit des mit Schnee bedeckten Weges veranlagte die vier jungen; schlecht ausgerüsteten Touristen bald zur Umkehr; ungefähr an der Stelle. an welcher vor 2 1/2 Wochen die beiden Ingenieure aus Winterthur verunglückt waren. Kaum hatte die kleine Gruppe einige Schritte des Rückweges gemacht; als ein junger Herr aus Genf auf dem Schnee ausglitschte und über den gleichen Felsen hinunterstürzte (zirka 70 Meter hoch); über den die beiden Winterthurer Ingenieure gefallen. Herr J. B. Dörig. der wackere Säntiswirt; sah von der Wagenlücke aus den Sturz; und glaubte anfänglich; es sei den Studenten ein Rucksack entglitten. Als er aber den wahren Sachverholt erkannte; eilte er nach Aussage von Augenzeugen wie eine Gemse über Schnee und Felsen zu dem Abgestürzten und trug ihn unter großen Beschwerden und nicht ohne Gefahr allein auf dem Rücken von der unheilvollen Stelle. Merkwürdigerweise hat der Verunglückte außer einer heftigen Gehirnerschütterung keine weiteren ernstlichen Verletzungen erlitten; so daß er wohl bald von Wasserauen; wohin man den meist Bewußtlosen gebracht; nach St. Gallen transportiert werden kann. Ohne diese schnelle Hilfe aber würde dieser junge Herr heute wahrscheinlich als Leiche heimgeführt werden.,Wandern,Absturz,0,-,Der Bund; Band 60; Nummer 275; 14. Juni 1909 Ausgabe 02,
1909,9/8/1909,Roslenfirst / Chessiloch,Roslenfirst,"Wie aus Appenzell gemeldet wird; ist am Mittwoch am Roslenfirst ein junger Tourist aus Speicher in das Kessiloch abgestürzt. Wildhüter Weishaupt fand die Leiche. Der junge Tourist war in Begleitung seiner Schwester und eines andern Fräuleins und hatte sich von ihnen getrennt; um einen andern Weg einzuschlagen.

Im «Kessiloch» in Fählen; nahe «Bollenwies»; verunglückte am 8. September 1909 Heinrich Bodenmann; Kaufmann; Bürger von Speicher; im Alter von 24 Jahren und 17 Tagen. Er war ein Sohn des Heinrich Bodenmann und der Hulda Hohl. «Appenzeller Volksfreund» 1909; Nr. 108 und 109. (Jakob Signer Chronik)",Wandern,Absturz,1,AR,"Der Bund; Band 60; Nummer 427; 10. September 1909 Ausgabe 02

http://jakobsigner.9050appenzell.ch/Geschichtsblaetter%20Ruete%20-%20Korrekturstand%202021-06-14.pdf",
1910,1/8/1910,Meglisalp / Schrennen,Marwees,8. Januar. Auf dem vereisten Schrennenwege; oberhalb des Seealpsees ( Appenzeller Voralpen ); verunglückte abends der nicht ungeübte; etwa 26 Jahre alte Schneider Kaspar Rohr von Weggenwil ( Kanton Aargau ). Der zerschmetterte Leichnam wurde Mittwoch den 12. Januar von einer Rettungskolonne etwa 200 m tiefer als die Absturzstelle am Ufer des Seealpsees aufgefunden. Alp. 1910; pag. 37.,Wandern,Absturz,1,AG,sac-cas.ch/de/die-alpen/alpine-ungluecksfaelle-1910-und-1911-9180/,
1910,3/13/1910,Altenalp / Weesen,Altenalp,"Beim direkten Aufstieg Seealpsee-Weesen Altenalp ( Säntisgebiet ) glitt der mit zwei Kameraden gehende 19jährige Buchbinder Otto Villiger; in St. Gallen wohnhaft; infolge eines Krampfanfalls auf schlüpfrigem Rasen zwischen Felsköpfen aus und stürzte rücklings in die Tiefe; wo er tot aufgehoben wurde. Alp. 1910; pag. 84.
Äscherwirt Franz Dörig gelang es; die Leiche zu finden.",Wandern,Absturz,1,SG,"sac-cas.ch/de/die-alpen/alpine-ungluecksfaelle-1910-und-1911-9180/
Neue Zürcher Nachrichten; Nummer 70; 14. März 1910",
1910,8/1/1910,Tierwis / Musfallen,Tierwis,In der sog. »Mausefalle» auf dem Weg nach dem Säntis ist ein Herr aus St. Gallen abgestürzt. Es ist Emil Herzog Metzger von St. Gallen. Er wollte in Begleitung von zwei Gefährten den Säntis besteigen. Er verlor den richtigen Weg und stürzte 12 Meter ab und rutschte dann auf der Geröllhalde noch weiter ab. Die Bergung der Veruunglückten war schwierig.,Wandern,Absturz,1,SG,"Der Murtenbieter; 6. August 1910
Neue Zürcher Zeitung; Nummer 212; 3. August 1910 Ausgabe 04",
1910,8/28/1910,Säntis / Lisengrat,Kalbersäntis und Lisengrat,Die Verletzungen des am letzten Sonniags am Lysengrat im Alpsteingebiet abgestürzten Reichelsdorfer von Rorschach sind nicht so gefährlich wie die ersten Meldungen besagten. Der Verunglückte konnte gestern bereits den Weg von Weglisalp nach Appenzell machen und ist heute ohne Begleitung mit der Bahn nach Hause gereist.,Wandern,Absturz,0,-,Bieler Tagblatt; Nummer 207; 3. September 1910,
1910,8/28/1910,Säntis / Blauschnee,Säntis,"Am Säntis verunglückte der 17jährige J. Eggmann aus St. Gallen (Sohn des Schuhhändlers Eggmann); der die Besteigung mit einem Kameraden gemacht hatte; indem er beim „ Blauen Schnee "" ausglitt und abstürzte. Zu Hülfe eilende Touristen fanden ihn noch lebend; er gab aber bald darauf den Geist auf. Alp. 1910; pag. 190—191.",Wandern,Absturz,1,SG,sac-cas.ch/de/die-alpen/alpine-ungluecksfaelle-1910-und-1911-9180/,
1910,10/30/1910,Siebter Kreuzberg,Siebter Kreuzberg,"1910 organisierten die SAC-Sektionen St.Gallen; Säntis; Toggenburg und Rhein gemeinsam das Rettungswesen im Alp­stein; und in den zugeteilten Gebieten entstanden die entspre­chenden Rettungsstationen. Die Gründung erfolgte zur rechten Zeit; waren doch schon in diesem Jahr mehrere anspruchs­ volle Rettungsaktionen durchzuführen. An der Westwand des 7. Kreuzbergs; am Altmann und in den Südhängen des Hund­ steins waren mehrere Todesopfer zu bergen.

Der SAC schreibt dazu: ""30. Oktober. Am VII. Kreuzberg ( Säntisgebiet ) fand der 22jährige Kunstmaler Otto Lamm aus Bayern seinen Tod durch Absturz über Felsen ungefähr 200 m tief; infolge eines Krampfanfalles beim Klettern ohne Seilsicherung; die ihm von seinen mitgehenden drei Kameraden vergeblich angeboten worden war. Alp. 1910; pag. 224.""",Klettern,Absturz,1,Deutschland,"Christina Buchser und Peter Diener jun. Berge faszinieren - Bergrettung ebenfalls. In: Toggenburger Jahrbuch; 2013.

sac-cas.ch/de/die-alpen/alpine-ungluecksfaelle-1910-und-1911-9180/",
1910,ohne Angabe,Altmann,Altmann,1910 organisierten die SAC-Sektionen St.Gallen; Säntis; Toggenburg und Rhein gemeinsam das Rettungswesen im Alp­stein; und in den zugeteilten Gebieten entstanden die entspre­chenden Rettungsstationen. Die Gründung erfolgte zur rechten Zeit; waren doch schon in diesem Jahr mehrere anspruchs­ volle Rettungsaktionen durchzuführen. Die Gründung erfolgte zur rechten Zeit; waren doch schon in diesem Jahr mehrere anspruchs­ volle Rettungsaktionen durchzuführen. An der Westwand des 7. Kreuzbergs; am Altmann und in den Südhängen des Hund­ steins waren mehrere Todesopfer zu bergen.,?,?,1,?,Christina Buchser und Peter Diener jun. Berge faszinieren - Bergrettung ebenfalls. In: Toggenburger Jahrbuch; 2013.,
1910,ohne Angabe,Hundstein,Hundstein,1910 organisierten die SAC-Sektionen St.Gallen; Säntis; Toggenburg und Rhein gemeinsam das Rettungswesen im Alp­ stein; und in den zugeteilten Gebieten entstanden die entspre­chenden Rettungsstationen. Die Gründung erfolgte zur rechten Zeit; waren doch schon in diesem Jahr mehrere anspruchs­ volle Rettungsaktionen durchzuführen. Die Gründung erfolgte zur rechten Zeit; waren doch schon in diesem Jahr mehrere anspruchs­ volle Rettungsaktionen durchzuführen. An der Westwand des 7. Kreuzbergs; am Altmann und in den Südhängen des Hund­steins waren mehrere Todesopfer zu bergen.,?,?,1,?,Christina Buchser und Peter Diener jun. Berge faszinieren - Bergrettung ebenfalls. In: Toggenburger Jahrbuch; 2013.,
1911,6/5/1911,Altmann,Altmann,5. Juni. Am Altmann ( Säntis ) soll ein Ingenieur aus Konstanz durch Absturz den Tod gefunden haben. D. &. Ö.A.V. M. 1912; pag. 52.,?,Absturz,1,Deutschland,sac-cas.ch/de/die-alpen/alpine-ungluecksfaelle-1910-und-1911-9180/,
1911,6/8/1911,Tierwis,Tierwis,Heute vormittag stürzte auf dem Wege nach dem Säntis unterhalb der Klubhütte Thierwies ein T o u r i st ab. Eine Rettungskolonne von sechs Mann der Sektion Säntis des Schweizerischen Alpenklubs ist unter ärztlicher Leitung abgegangen. Näheres ist noch nicht bekannt.,Wandern,Absturz,?,-,Der Bund; Band 62; Nummer 266; 9. Juni 1911,
1911,7/9/1911,Hundstein,Hundstein,"Bergung der Leichen von Rapp und Winkler aus den Fählenwänden im Juli 1911
Der SAC schreibt dazu: ""9. Juli. Am Hundstein (Säntis) stürzten die etwa 29jährigen Hermann Rapp und Emil Winkler von Lachen-Vonwil bei St. Gallen; welche im Nebel vom Wege abgekommen waren; tödlich ab. Der erstere; der sich zuvor den Fuß verstaucht hatte; muß gegen 300 m tief gefallen sein; der letztere ist beim Versuch; Hülfe herbeizuholen; in der Nähe des Roten Turms verunglückt. Alp. 1911; pag. 129."" (Grosser)
NZZ: Zwei Touristen sind beim Edelweißsuchen am Schafberg gegen den Fählensee abgestürzt. Der eine; der in der Nähe des Sees aufgefunden wurde; ist tot; der andere liegt an schwer zugänglicher Stelle; ob tot oder noch lebend ist zurzeit nicht bekannt. Appenzell; 10. Juli. Am Sonntag abend 3 Uhr ist vom Weißbad eine Bergungskolonne aufgebrochen; um die beiden am Schafberg abgestürzten Touristen zu bergen. Beide Touristen sind tot.",Edelweiss-Suche,Absturz,2,SG,"Grosser Hermann. Aus dem Leben der Säntisträger. Appenzeller Kalender; Band 253; 1974.

sac-cas.ch/de/die-alpen/alpine-ungluecksfaelle-1910-und-1911-9180/

WILD Josef Anton / WILD Karl / STEUBLE Robert. Monatschronik von Appenzell Innerrhoden für
die Jahre 1884-1953. Innerrhoder Geschichtsfreund; Band 29; 1985. Persistenter Link: http://doi.org/10.5169/seals-405246",
1911,10/29/1911,Kamor,Kamor,"29. Oktober. Bei einer Besteigung des Kamor vom Rheintal aus kam der 22jährige Apotheker Werner aus Nürnberg mit zwei Gefährten infolge des Nebels vom Wege ab; rutschte aus und stürzte über eine 30 m hohe Felswand zu Tode. (SAC; Alp. 1911; pag. 210.)

In der Monatschronik ist vom Hohen Kasten die Rede; und vom 30.10. statt 29.10. (Wild; Wild; Steuble; 1985) Der ""Oberegger"" gibt aber das Geschehniss recht deutlich wieder. Der Verunglückte ist an steiler Felswand des Kamors; nordostseits; zirka 60 Meter direkt abgestürzt und in das sogenannte Kellerloch gefallen; in welchem er noch weiter 25 Meter herunter rollte; um am untern Ende dieses Loches von einem dürren Baumstrunke aufgehalten zu werden. ",Wandern,Absturz,1,Deutschland,"sac-cas.ch/de/die-alpen/alpine-ungluecksfaelle-1910-und-1911-9180/

WILD Josef Anton / WILD Karl / STEUBLE Robert. Monatschronik von Appenzell Innerrhoden für
die Jahre 1884-1953. Innerrhoder Geschichtsfreund; Band 29; 1985. Persistenter Link: http://doi.org/10.5169/seals-405246

Oberegger Anzeiger; Nummer 44; 3. November 1911",
1911,ohne Angabe,Säntis,Säntis,Oktober. Am Säntis kam ein Holzhändler aus Wildhaus durch Absturz ums Leben. D.&Ö.A.V.M.. 1912; pag. 66.,?,Absturz,1,SG (Toggenburg),sac-cas.ch/de/die-alpen/alpine-ungluecksfaelle-1910-und-1911-9180/,
1912,-,-,-,Keine Erwähnung von Bergunfällen in der SAC-Liste der Alpinen Unglücksfälle von 1912,-,-,0,-,sac-cas.ch/de/die-alpen/alpine-ungluecksfaelle-1912-9259/,
1912,Juli 1912,Hundstein,Hundstein,Vom Fählensee meldet das Fremdenblatt. Die Alphirten klagen in letzter Zeit über verschiedenen Raub bei ihren Herden durch Steinadler. Es werden am Hundstein etwa vier dieser Könige der Lüfte gesehen. Wie lange geht es wohl; bis die Vögel heruntergeknallt sind?,Tier,Attacke durch Adler,0,-,Bieler Tagblatt; Nummer 159; 10. Juli 1912,
1912,9/29/1912,Marwees / Bogarten / Dreifaltigkeit,Dreifaltigkeit,"Am Sonntag nachmittag stürzte am Bogarten (Marwis) ein Tourist Frischknecht von Herisau ab und blieb bei den Felsköpfen Dreifaltigkeit bewußtlos liegen. Auf die Mitteilungen seiner Begleiter hin wurde die Rettungskolonne Appenzell aufgeboten; der es unter Mithilfe der Säntis- und Megglisalpträger nach unsäglichen Anstrengungen und unter eigener Lebensgefahr gelang; den Verunglückten ins Tal zu befördern. Heute morgen sechs Uhr traf die Kolonne in Appenzell ein; wo der Verunglückte; der einen Schädelbruch; mehrere Wunden am Kopfe und starke Blutverluste erlitt; ins Krankenhaus verbracht wurde. (NZZ)
...beim Edelweisspflücken (Der Bund)

Am 23. September 1912 verunglückte an der «Dreifaltigkeit» beim Edelweisspflücken Konrad Frischknecht; Schuhhandlung; Herisau. Er wunde schwer verwundet. «Appenzeller Volksfreund» 1912; Nr. 118. (Jakob Signer)",Edelweiss-Suche,Absturz,?,-,"Neue Zürcher Zeitung; Nummer 272; 30. September 1912 Ausgabe 04

Der Bund; Band 63; Nr 459; 30. Sep. 1912

http://jakobsigner.9050appenzell.ch/Geschichtsblaetter%20Ruete%20-%20Korrekturstand%202021-06-14.pdf",
1913,5/25/1913,Säntis,Säntis,25. Mai; am Säntis ist Fräulein Martin auf steilem Schneehang abgestürzt; Alp. 1913; Nr. 9 und 11.,Wandern,Absturz,1,?,sac-cas.ch/de/die-alpen/alpine-ungluecksfaelle-1913-9332/,
1913,7/27/1913,Siebter Kreuzberg,Siebter Kreuzberg,An den Kreuzbergen ist am Sonntag ein zirka zwanzig Jahre alter Bursche (Sutter) von Waldstatt etwa dreißig Meter tief abgestürzt. Er lebt noch; aber die Glieder sollen schrecklich zerschlagen sein. Der Unfall ereignete sich beim Ueberstieg vom siebenten zum sechsten Kreuzberg. Der Abgestürzte heißt Suter. Sein Befinden ist besser; als anfänglich vermutet wurde. Da er nur zwei Rippen gebrochen hat; dürfte er in zwei bis drei Wochen wieder hergestellt sein.,Klettern,Absturz,0,-,Bieler Tagblatt; Nummer 173; 28. Juli 1913,
1913,7/18/1913,Alp Mans,Alp Mans,Am Freitag Abend stürzte beim Alpenrosensuchen vom Wege zur Alp Mans; oberhalb des Seealpsees; Postverwalter Guhl von Emmishofen; 50 Jahre alt; zu Tode. Die Leiche des Verunglückten wurde nach Wasserauen verbracht.,Edelweiss-Suche,Absturz,1,TG,"Neue Zürcher Zeitung; Nummer 207; 28. Juli 1913
Walliser Bote; 23. Juli 1913",
1913,10/19/1913,Silberplattenchöpf,Silberplattenchöpf,"Ein junger Mann namens Adolf Singer aus Waldstatt; der am Sonntag eine Bergtour unternommen hatte; wird vermißt. Man fand seinen Rucksack auf der Silberplatte. Der Mann ist wahrscheinlich dort abgestürzt. Man sucht jetzt im Gebiet der Silberplattenhörner nach dem Verunglückten.
Herisau; 21. d. Der letzten Sontag im Gebiet der Silberplattenhörner verunglückte Tourist Singer von Herisau (nicht Waldstatt) wurde heute am Fuße eines sogenannten Kamins tot aufgefunden. Die Bergung der Leiche bietet große Schwierigkeiten. Der zwanzig Jahre alte Verunglückte hatte mit drei Begleitern die Bergtour unternommen; sich aber auf der Silberplatte von seinen Kameraden getrennt und war allein weiter gestiegen.",Klettern,Absturz,1,AR,Der Bund; Band 64; Nummer 494; 22. Oktober 1913,
1914,2/22/1914,Plattenbödeli,Plattenbödeli,Über das seit Sonntag am Säntis vermißte Fräulein Beenke; Angestellte der Röntgenanstalt Hausmann in St. Gallen; ist noch keine Kunde eingetroffen. Sie war im Säntisgebiet außerordentlich bekannt. Ihre Spuren konnten bis zur Plattenhütte hinter dem nur teilweise zugefrorenen Sämbtisersee gefunden werden; gingen aber dann verloren. Eine gestern abgegangene Rettungskolonne kehrte ergebnislos zurück. Heute morgen sind zwei weitere aufgebrochen.,Wandern,Vermisstensuche,1,SG,Oberländer Tagblatt; Band 38; Nummer 45; 24. Februar 1914,
1914,7/11/1914,Tierwis / Ellenbogen,Tierwis,11. Juli. Am Säntis verunglückten an zwei verschiedenen Punkten zwei Touristen. Ein Herr Fäßler aus Herisau; der nachts auf dem Weg über das Kräzerli den Gipfel erreichen wollte; stürzte beim sogenannten Ellenbogen zu Tode.,Wandern,Absturz,1,AR,sac-cas.ch/de/die-alpen/alpine-ungluecksfaelle-1914-und-1915-9388/,
1914,7/11/1914,Altenalp / Gläubt bzw. Lauberkopf,Altenalp,"Dr. Hans Schönau aus Bregenz unternahm allein den Abstieg über den Blauen Schnee. Er gelangte auch bis gegen Altenalp; beim Lauberkopf aber stürzte er ab und erlitt Verletzungen; die den Tod herbeiführten. Alp. 1914; pag. 168; D.&Ö.A.V.M.. 1914; pag. 197. (SAC)
Wahrscheinlich handelt es sich hier um denselben Fall wie in der Landeschronik AI:
Am 13. Juli stürzte ein 27jähriger Tourist aus Wien oberhalb des Seealpsees. (Landeschronik AI)",Wandern,Absturz,1,Österreich,"sac-cas.ch/de/die-alpen/alpine-ungluecksfaelle-1914-und-1915-9388/

Dr. A. Sutter; Landeschronik AI",
1914,7/14/1914,Rot Turm,Rot Turm,Mardi matin un touriste ìnconnu a fait une chute mortelle dans le Rotenthourm; pres du Hundstein; au-dessus du Faehlensee; (Appenzell).,Klettern,Absturz,1,?,Journal et feuille d’avis du Valais; 16. Juli 1914,
1914,9/6/1914,Säntis / Tierwis,Säntis,Heute morgen um halb 6 Uhr hätte sich am Säntis oberhalb Tierwies beinahe ein schweres Bergunglück ereignet. Vier Fräulein; worunter drei Schwestern; in Begleitung von vier Herren; waren vom gewöhnlichen Wege abgekommen. Die ganze Gesellschaft glitschte aus und rutschte eine etwa 200 Meter lange abschüssige Schneehalde hinunter; an deren Ende sie liegen blieb. Vom nahen Säntis aus wurde Hilfe requiriert. Ein Fräulein wurde schwer verletzt und bewußtlos vom Platze getragen; während die übrigen mit mehr oder weniger starken Verletzungen und dem Schrecken davonkamen.,Wandern,Absturz,0,-,Der Bund; Band 65; Nummer 419; 7. September 1914,
1914,9/16/1914,Hundstein,Hundstein,"Beim Kamin auf dem Hundstein ( Säntisgebiet ) wurde am 8. September die Leiche eines seit Sonntag vermißten 25jährigen Buchhalters Gondi aus St. Gallen; welcher abgestürzt war; aufgefunden.Bund "" vom 9. September 1914; Alp. 1914; pag. 196.",Wandern,Absturz,1,SG,sac-cas.ch/de/die-alpen/alpine-ungluecksfaelle-1914-und-1915-9388/,
1914,9/27/1914,Widderalp (Gamsler),Widderalpstöcke,am 27. September stürzte ein Bureauangestellter aus St.Gallen in der Widderalp (Gamsler) zu Tode.,?,Absturz,1,SG,Dr. A. Sutter; Landeschronik AI,
1915,-,-,-,Keine Erwähnung von Bergunfällen in der SAC-Liste der Alpinen Unglücksfälle von 1915,-,-,0,-,sac-cas.ch/de/die-alpen/alpine-ungluecksfaelle-1914-und-1915-9388/,
1915,1/1/1915,Mesmer / Sprüng,Mesmer,Une avalanche poudreuse a emporté une hutte nouvellement construite sur l'alpe de Sprung; versant sud du Säntis. Le propriétaire; M. Dörig; hôte du Säntis; subit ainsi un important préjudice.,Lawine,Lawine / Schneebrett,0,-,Journal du Jura; Nummer 23; 28. Januar 1915,
1915,7/27/1915,Bogarten,Bogartenfirst,"Appenzell; 28. Juli. Am Dienstag stürzte am Bogarten der 18 jährige Sohn des Lehrers Wierer in St. Gallen ab. Er wurde tot aufgefunden. (Geschäftsblatt für den ob. Teil des Kantons Bern)
Der gestern am Bogarten abgestürzte Tourist ist der 16jährige Sohn des St. Galler Getreidehändlers Wierer; nicht Lehrers. Er ging in Begleitung einiger Kameraden und stürzte an einer steilen Halde beim Edelweisssuchen ab. Ein mehrfacher Schädelbruch hatte den sofortigen Tod zur Folge. Die Leiche wurde heute nach Wasserauen überführt. (Intelligenzblatt)
Am 27. Juli 1915 erfiel am «Bogärtli» Bernhard Anton Wierer; Kaufmannslehrling; geboren 10. April 1898; Sohn des Bernhard Wierer und der Abbuntia Bensegger. «Appenzeller Volksfreund» 1915; Nr. 90. (Jakob Signer Chronik)",Edelweiss-Suche,Absturz,1,SG,"Geschäftsblatt für den oberen Teil des Kantons Bern; Band 62; Nummer 90; 29. Juli 1915
Intelligenzblatt für die Stadt Bern; 29. Juli 1915

http://jakobsigner.9050appenzell.ch/Geschichtsblaetter%20Ruete%20-%20Korrekturstand%202021-06-14.pdf",
1915,9/13/1915,Löchlibetten,Altmann,"Auf dem Abstieg im Alpsteingebiet vom Altmann über Löchlibetten nach Meglisalp stürzte ein junger Mann namens Paul Lang; Lehrling bei der Kantonalbank in St. Gallen 2 —300 Meter tief über die Geröllhalde; die gegen den Weg zum Rotsteinpaß sich hinunterzieht; ab. Der Abgestürzte wurde gräßlich zerschlagen und ist tot. Appenzell; 13. Sept. Eine weitere Meldung über den Unfall am Altmann gibt folgende Darsicllung: Beim Löchlibetten unterhalb des Altmann stürzte am Sonntag nachmittag ein Banklchrling aus St. Gallen; namens Bischofs; ab und brach einen Fuß. Sein Begleiter; der ihm die erste Hilfe bringen wollte; stürzte dann etwa 300 Meter tief ab und war toi. Dieser heißt Lang; gebürtig aus Rorschach und war 16 Jahre alt. (Oberländer)

In den «Löchlibetten» am «Altmann» verunglückte am 12. September 1915 Paul Georg Lang; Lehrling bei der Kantonalbank in St.Gallen; St.Fiden; geboren am 29. Dezember 1899 als Sohn des Georg Lang und der Katharina Stillhard. «Appenzeller Volksfreund» 1915; Nr. 110. (Jakob Signer Chronik)",Wandern,Absturz,1,SG,"Oberländer Tagblatt; Band 39; Nummer 214; 13. September 1915 

http://jakobsigner.9050appenzell.ch/Geschichtsblaetter%20Ruete%20-%20Korrekturstand%202021-06-14.pdf",
1915,10/18/1915,Furgglenhöhle,Furgglenhöhle,In der «Furgglen-Höhle» verunglückte am 18. Oktober 1915 Hans Salzgeber von Teufen tödlich.,Höhlengang,?,1,AR,Jakob Signer Chronik (http://jakobsigner.9050appenzell.ch/Geschichtsblaetter%20Ruete%20-%20Korrekturstand%202021-06-14.pdf),
1916,-,-,-,Keine Erwähnung von Bergunfällen in der SAC-Liste der Alpinen Unglücksfälle von 1916,-,-,0,-,sac-cas.ch/de/die-alpen/alpine-ungluecksfaelle-1916-9419/,
1917,3/11/1917,Obergatter / Alp Soll,Hoher Kasten,"11. März. Im Alpsteingebiet wurde der 21jährige Willy Herzig von Appenzell; der in Zürich studierte; auf einer Skitour von einer Lawine erfaßt und begraben. Die Leiche wurde am 21. Mai auf der Alp Sol aufgefunden. Alp. 1917; pag. 108.
Gemäss Der Bund wurde er im Obergatter am westlichen Fusse des Hohen Kastens von Wildhüter Koch aufgefunden.",Ski/-tour,Lawine / Schneebrett,1,AI,"sac-cas.ch/de/die-alpen/alpine-ungluecksfaelle-1917-9508/
Der Bund; Band 68; Nummer 234; 22. Mai 1917",
